# Blender 5.2.2 LTS
# www.blender.org
mtllib rack.mtl
o Rack_angle_upright_web
v -1.049194 0.005000 0.593569
v -1.049194 0.012000 0.600569
v -1.056194 0.012000 0.593569
v -1.049194 3.268000 0.600569
v -1.049194 3.275000 0.593569
v -1.056194 3.268000 0.593569
v -1.049194 0.005000 0.542569
v -1.056194 0.012000 0.542569
v -1.049194 0.012000 0.535569
v -1.049194 3.275000 0.542569
v -1.049194 3.268000 0.535569
v -1.056194 3.268000 0.542569
v -0.993194 0.005000 0.593569
v -0.986194 0.012000 0.593569
v -0.993194 0.012000 0.600569
v -0.993194 3.275000 0.593569
v -0.993194 3.268000 0.600569
v -0.986194 3.268000 0.593569
v -0.993194 0.005000 0.542569
v -0.993194 0.012000 0.535569
v -0.986194 0.012000 0.542569
v -0.993194 3.275000 0.542569
v -0.986194 3.268000 0.542569
v -0.993194 3.268000 0.535569
vn -0.5773 -0.5774 0.5774
vn -0.5773 0.5774 0.5774
vn -0.5773 -0.5774 -0.5774
vn -0.5773 0.5774 -0.5774
vn 0.5773 -0.5774 0.5774
vn 0.5773 0.5774 0.5774
vn 0.5773 -0.5774 -0.5774
vn 0.5773 0.5774 -0.5774
vn -0.7071 -0.7071 -0.0000
vn -0.7071 -0.0000 0.7071
vn -0.7071 0.7071 -0.0000
vn -0.7071 -0.0000 -0.7071
vn -0.0000 -0.7071 -0.7071
vn -0.0000 0.7071 -0.7071
vn 0.7071 -0.0000 -0.7071
vn 0.7071 -0.7071 -0.0000
vn 0.7071 0.7071 -0.0000
vn 0.7071 -0.0000 0.7071
vn -0.0000 -0.7071 0.7071
vn -0.0000 0.7071 0.7071
vn -0.0000 -1.0000 -0.0000
vn -1.0000 -0.0000 -0.0000
vn -0.0000 -0.0000 1.0000
vn -0.0000 1.0000 -0.0000
vn -0.0000 -0.0000 -1.0000
vn 1.0000 -0.0000 -0.0000
vt 0.150000 0.723077
vt 0.150000 0.750000
vt 0.125000 0.723077
vt 0.624465 0.975000
vt 0.625000 0.975000
vt 0.624465 1.000000
vt 0.150000 0.526923
vt 0.125000 0.526923
vt 0.150000 0.500000
vt 0.625000 0.257692
vt 0.624465 0.275000
vt 0.624465 0.229808
vt 0.350000 0.723077
vt 0.375401 0.723077
vt 0.362768 0.762500
vt 0.637500 0.749038
vt 0.624465 0.775000
vt 0.624465 0.729808
vt 0.350000 0.526923
vt 0.362768 0.487500
vt 0.375401 0.526923
vt 0.637500 0.513942
vt 0.624465 0.526923
vt 0.624465 0.481250
vt 0.375535 0.000000
vt 0.624465 0.000000
vt 0.624465 0.026923
vt 0.375535 0.026923
vt 0.625000 0.026923
vt 0.375535 0.275000
vt 0.375535 0.223077
vt 0.375535 0.975000
vt 0.850000 0.526923
vt 0.850000 0.723077
s 0
usemtl Aged_dark_steel
f 1/1/1 2/2/1 3/3/1
f 4/4/2 5/5/2 6/6/2
f 7/7/3 8/8/3 9/9/3
f 10/10/4 11/11/4 12/12/4
f 13/13/5 14/14/5 15/15/5
f 16/16/6 17/17/6 18/18/6
f 19/19/7 20/20/7 21/21/7
f 22/22/8 23/23/8 24/24/8
f 7/7/9 1/1/9 3/3/9 8/8/9
f 2/25/10 4/26/10 6/27/10 3/28/10
f 5/29/11 10/10/11 12/12/11 6/27/11
f 11/11/12 9/30/12 8/31/12 12/12/12
f 19/19/13 7/7/13 9/9/13 20/20/13
f 10/10/14 22/22/14 24/24/14 11/11/14
f 23/23/15 21/21/15 20/20/15 24/24/15
f 13/13/16 19/19/16 21/21/16 14/14/16
f 22/22/17 16/16/17 18/18/17 23/23/17
f 17/17/18 15/15/18 14/14/18 18/18/18
f 1/1/19 13/13/19 15/15/19 2/2/19
f 16/16/20 5/5/20 4/4/20 17/17/20
f 7/7/21 19/19/21 13/13/21 1/1/21
f 3/28/22 6/27/22 12/12/22 8/31/22
f 15/15/23 17/17/23 4/4/23 2/32/23
f 22/22/24 10/33/24 5/34/24 16/16/24
f 9/30/25 11/11/25 24/24/25 20/20/25
f 21/21/26 23/23/26 18/18/26 14/14/26
o Rack_angle_upright_flange
v -1.044694 0.005000 0.543069
v -1.044694 0.009000 0.547069
v -1.048694 0.009000 0.543069
v -1.044694 3.271000 0.547069
v -1.044694 3.275000 0.543069
v -1.048694 3.271000 0.543069
v -1.044694 0.005000 0.525069
v -1.048694 0.009000 0.525069
v -1.044694 0.009000 0.521069
v -1.044694 3.275000 0.525069
v -1.044694 3.271000 0.521069
v -1.048694 3.271000 0.525069
v -0.947694 0.005000 0.543069
v -0.943694 0.009000 0.543069
v -0.947694 0.009000 0.547069
v -0.947694 3.275000 0.543069
v -0.947694 3.271000 0.547069
v -0.943694 3.271000 0.543069
v -0.947694 0.005000 0.525069
v -0.947694 0.009000 0.521069
v -0.943694 0.009000 0.525069
v -0.947694 3.275000 0.525069
v -0.943694 3.271000 0.525069
v -0.947694 3.271000 0.521069
vn -0.5773 -0.5774 0.5774
vn -0.5773 0.5774 0.5774
vn -0.5773 -0.5774 -0.5774
vn -0.5773 0.5774 -0.5774
vn 0.5773 -0.5774 0.5774
vn 0.5773 0.5774 0.5774
vn 0.5773 -0.5774 -0.5774
vn 0.5773 0.5774 -0.5774
vn -0.7071 -0.7071 -0.0000
vn -0.7071 -0.0000 0.7071
vn -0.7071 0.7071 -0.0000
vn -0.7071 -0.0000 -0.7071
vn -0.0000 -0.7071 -0.7071
vn -0.0000 0.7071 -0.7071
vn 0.7071 -0.0000 -0.7071
vn 0.7071 -0.7071 -0.0000
vn 0.7071 0.7071 -0.0000
vn 0.7071 -0.0000 0.7071
vn -0.0000 -0.7071 0.7071
vn -0.0000 0.7071 0.7071
vn -0.0000 -1.0000 -0.0000
vn -1.0000 -0.0000 -0.0000
vn -0.0000 -0.0000 1.0000
vn -0.0000 1.0000 -0.0000
vn -0.0000 -0.0000 -1.0000
vn 1.0000 -0.0000 -0.0000
vt 0.134524 0.711538
vt 0.134524 0.750000
vt 0.125000 0.711538
vt 0.624694 0.990476
vt 0.625000 0.990476
vt 0.624694 1.000000
vt 0.134524 0.538462
vt 0.125000 0.538462
vt 0.134524 0.500000
vt 0.625000 0.243529
vt 0.624694 0.259524
vt 0.624694 0.221154
vt 0.365476 0.711538
vt 0.375229 0.711538
vt 0.370391 0.754762
vt 0.629762 0.735531
vt 0.624694 0.759524
vt 0.624694 0.721154
vt 0.365476 0.538462
vt 0.370391 0.495238
vt 0.375229 0.538462
vt 0.629762 0.526465
vt 0.624694 0.538462
vt 0.624694 0.492857
vt 0.375306 0.000000
vt 0.624694 0.000000
vt 0.624694 0.038462
vt 0.375306 0.038462
vt 0.625000 0.038462
vt 0.375306 0.259524
vt 0.375306 0.211538
vt 0.375306 0.990476
vt 0.865476 0.538462
vt 0.865476 0.711538
s 0
usemtl Aged_dark_steel
f 25/35/27 26/36/27 27/37/27
f 28/38/28 29/39/28 30/40/28
f 31/41/29 32/42/29 33/43/29
f 34/44/30 35/45/30 36/46/30
f 37/47/31 38/48/31 39/49/31
f 40/50/32 41/51/32 42/52/32
f 43/53/33 44/54/33 45/55/33
f 46/56/34 47/57/34 48/58/34
f 31/41/35 25/35/35 27/37/35 32/42/35
f 26/59/36 28/60/36 30/61/36 27/62/36
f 29/63/37 34/44/37 36/46/37 30/61/37
f 35/45/38 33/64/38 32/65/38 36/46/38
f 43/53/39 31/41/39 33/43/39 44/54/39
f 34/44/40 46/56/40 48/58/40 35/45/40
f 47/57/41 45/55/41 44/54/41 48/58/41
f 37/47/42 43/53/42 45/55/42 38/48/42
f 46/56/43 40/50/43 42/52/43 47/57/43
f 41/51/44 39/49/44 38/48/44 42/52/44
f 25/35/45 37/47/45 39/49/45 26/36/45
f 40/50/46 29/39/46 28/38/46 41/51/46
f 31/41/47 43/53/47 37/47/47 25/35/47
f 27/62/48 30/61/48 36/46/48 32/65/48
f 39/49/49 41/51/49 28/38/49 26/66/49
f 46/56/50 34/67/50 29/68/50 40/50/50
f 33/64/51 35/45/51 48/58/51 44/54/51
f 45/55/52 47/57/52 42/52/52 38/48/52
o Rack_steel_foot
v -1.095194 0.007500 0.637069
v -1.095194 0.013500 0.643069
v -1.101194 0.013500 0.637069
v -1.095194 0.056500 0.643069
v -1.095194 0.062500 0.637069
v -1.101194 0.056500 0.637069
v -1.095194 0.007500 0.499069
v -1.101194 0.013500 0.499069
v -1.095194 0.013500 0.493069
v -1.095194 0.062500 0.499069
v -1.095194 0.056500 0.493069
v -1.101194 0.056500 0.499069
v -0.947194 0.007500 0.637069
v -0.941194 0.013500 0.637069
v -0.947194 0.013500 0.643069
v -0.947194 0.062500 0.637069
v -0.947194 0.056500 0.643069
v -0.941194 0.056500 0.637069
v -0.947194 0.007500 0.499069
v -0.947194 0.013500 0.493069
v -0.941194 0.013500 0.499069
v -0.947194 0.062500 0.499069
v -0.941194 0.056500 0.499069
v -0.947194 0.056500 0.493069
vn -0.5774 -0.5774 0.5774
vn -0.5774 0.5774 0.5774
vn -0.5774 -0.5774 -0.5774
vn -0.5774 0.5774 -0.5774
vn 0.5774 -0.5774 0.5774
vn 0.5774 0.5774 0.5774
vn 0.5774 -0.5774 -0.5774
vn 0.5774 0.5774 -0.5774
vn -0.7071 -0.7071 -0.0000
vn -0.7071 -0.0000 0.7071
vn -0.7071 0.7071 -0.0000
vn -0.7071 -0.0000 -0.7071
vn -0.0000 -0.7071 -0.7071
vn -0.0000 0.7071 -0.7071
vn 0.7071 -0.0000 -0.7071
vn 0.7071 -0.7071 -0.0000
vn 0.7071 0.7071 -0.0000
vn 0.7071 -0.0000 0.7071
vn -0.0000 -0.7071 0.7071
vn -0.0000 0.7071 0.7071
vn -0.0000 -1.0000 -0.0000
vn -1.0000 -0.0000 -0.0000
vn -0.0000 -0.0000 1.0000
vn -0.0000 1.0000 -0.0000
vn -0.0000 -0.0000 -1.0000
vn 1.0000 -0.0000 -0.0000
vt 0.134375 0.740000
vt 0.134375 0.750000
vt 0.125000 0.740000
vt 0.597727 0.990625
vt 0.625000 0.990625
vt 0.597727 1.000000
vt 0.134375 0.510000
vt 0.125000 0.510000
vt 0.134375 0.500000
vt 0.625000 0.252917
vt 0.597727 0.259375
vt 0.597727 0.242500
vt 0.365625 0.740000
vt 0.395455 0.740000
vt 0.383949 0.754688
vt 0.629687 0.749687
vt 0.597727 0.759375
vt 0.597727 0.742500
vt 0.365625 0.510000
vt 0.383949 0.495313
vt 0.395455 0.510000
vt 0.629687 0.505156
vt 0.597727 0.510000
vt 0.597727 0.492969
vt 0.402273 0.000000
vt 0.597727 0.000000
vt 0.597727 0.010000
vt 0.402273 0.010000
vt 0.625000 0.010000
vt 0.402273 0.259375
vt 0.402273 0.240000
vt 0.402273 0.990625
vt 0.865625 0.510000
vt 0.865625 0.740000
s 0
usemtl Aged_dark_steel
f 49/69/53 50/70/53 51/71/53
f 52/72/54 53/73/54 54/74/54
f 55/75/55 56/76/55 57/77/55
f 58/78/56 59/79/56 60/80/56
f 61/81/57 62/82/57 63/83/57
f 64/84/58 65/85/58 66/86/58
f 67/87/59 68/88/59 69/89/59
f 70/90/60 71/91/60 72/92/60
f 55/75/61 49/69/61 51/71/61 56/76/61
f 50/93/62 52/94/62 54/95/62 51/96/62
f 53/97/63 58/78/63 60/80/63 54/95/63
f 59/79/64 57/98/64 56/99/64 60/80/64
f 67/87/65 55/75/65 57/77/65 68/88/65
f 58/78/66 70/90/66 72/92/66 59/79/66
f 71/91/67 69/89/67 68/88/67 72/92/67
f 61/81/68 67/87/68 69/89/68 62/82/68
f 70/90/69 64/84/69 66/86/69 71/91/69
f 65/85/70 63/83/70 62/82/70 66/86/70
f 49/69/71 61/81/71 63/83/71 50/70/71
f 64/84/72 53/73/72 52/72/72 65/85/72
f 55/75/73 67/87/73 61/81/73 49/69/73
f 51/96/74 54/95/74 60/80/74 56/99/74
f 63/83/75 65/85/75 52/72/75 50/100/75
f 70/90/76 58/101/76 53/102/76 64/84/76
f 57/98/77 59/79/77 72/92/77 68/88/77
f 69/89/78 71/91/78 66/86/78 62/82/78
o Rack_angle_upright_web.001
v -1.049194 0.005000 -0.496431
v -1.049194 0.012000 -0.489431
v -1.056194 0.012000 -0.496431
v -1.049194 3.268000 -0.489431
v -1.049194 3.275000 -0.496431
v -1.056194 3.268000 -0.496431
v -1.049194 0.005000 -0.547431
v -1.056194 0.012000 -0.547431
v -1.049194 0.012000 -0.554431
v -1.049194 3.275000 -0.547431
v -1.049194 3.268000 -0.554431
v -1.056194 3.268000 -0.547431
v -0.993194 0.005000 -0.496431
v -0.986194 0.012000 -0.496431
v -0.993194 0.012000 -0.489431
v -0.993194 3.275000 -0.496431
v -0.993194 3.268000 -0.489431
v -0.986194 3.268000 -0.496431
v -0.993194 0.005000 -0.547431
v -0.993194 0.012000 -0.554431
v -0.986194 0.012000 -0.547431
v -0.993194 3.275000 -0.547431
v -0.986194 3.268000 -0.547431
v -0.993194 3.268000 -0.554431
vn -0.5773 -0.5774 0.5774
vn -0.5773 0.5774 0.5774
vn -0.5773 -0.5774 -0.5774
vn -0.5773 0.5774 -0.5774
vn 0.5773 -0.5774 0.5774
vn 0.5773 0.5774 0.5774
vn 0.5773 -0.5774 -0.5774
vn 0.5773 0.5774 -0.5774
vn -0.7071 -0.7071 -0.0000
vn -0.7071 -0.0000 0.7071
vn -0.7071 0.7071 -0.0000
vn -0.7071 -0.0000 -0.7071
vn -0.0000 -0.7071 -0.7071
vn -0.0000 0.7071 -0.7071
vn 0.7071 -0.0000 -0.7071
vn 0.7071 -0.7071 -0.0000
vn 0.7071 0.7071 -0.0000
vn 0.7071 -0.0000 0.7071
vn -0.0000 -0.7071 0.7071
vn -0.0000 0.7071 0.7071
vn -0.0000 -1.0000 -0.0000
vn -1.0000 -0.0000 -0.0000
vn -0.0000 -0.0000 1.0000
vn -0.0000 1.0000 -0.0000
vn -0.0000 -0.0000 -1.0000
vn 1.0000 -0.0000 -0.0000
vt 0.150000 0.723077
vt 0.150000 0.750000
vt 0.125000 0.723077
vt 0.624465 0.975000
vt 0.625000 0.975000
vt 0.624465 1.000000
vt 0.150000 0.526923
vt 0.125000 0.526923
vt 0.150000 0.500000
vt 0.625000 0.257692
vt 0.624465 0.275000
vt 0.624465 0.229808
vt 0.350000 0.723077
vt 0.375401 0.723077
vt 0.362768 0.762500
vt 0.637500 0.749038
vt 0.624465 0.775000
vt 0.624465 0.729808
vt 0.350000 0.526923
vt 0.362768 0.487500
vt 0.375401 0.526923
vt 0.637500 0.513942
vt 0.624465 0.526923
vt 0.624465 0.481250
vt 0.375535 0.000000
vt 0.624465 0.000000
vt 0.624465 0.026923
vt 0.375535 0.026923
vt 0.625000 0.026923
vt 0.375535 0.275000
vt 0.375535 0.223077
vt 0.375535 0.975000
vt 0.850000 0.526923
vt 0.850000 0.723077
s 0
usemtl Aged_dark_steel
f 73/103/79 74/104/79 75/105/79
f 76/106/80 77/107/80 78/108/80
f 79/109/81 80/110/81 81/111/81
f 82/112/82 83/113/82 84/114/82
f 85/115/83 86/116/83 87/117/83
f 88/118/84 89/119/84 90/120/84
f 91/121/85 92/122/85 93/123/85
f 94/124/86 95/125/86 96/126/86
f 79/109/87 73/103/87 75/105/87 80/110/87
f 74/127/88 76/128/88 78/129/88 75/130/88
f 77/131/89 82/112/89 84/114/89 78/129/89
f 83/113/90 81/132/90 80/133/90 84/114/90
f 91/121/91 79/109/91 81/111/91 92/122/91
f 82/112/92 94/124/92 96/126/92 83/113/92
f 95/125/93 93/123/93 92/122/93 96/126/93
f 85/115/94 91/121/94 93/123/94 86/116/94
f 94/124/95 88/118/95 90/120/95 95/125/95
f 89/119/96 87/117/96 86/116/96 90/120/96
f 73/103/97 85/115/97 87/117/97 74/104/97
f 88/118/98 77/107/98 76/106/98 89/119/98
f 79/109/99 91/121/99 85/115/99 73/103/99
f 75/130/100 78/129/100 84/114/100 80/133/100
f 87/117/101 89/119/101 76/106/101 74/134/101
f 94/124/102 82/135/102 77/136/102 88/118/102
f 81/132/103 83/113/103 96/126/103 92/122/103
f 93/123/104 95/125/104 90/120/104 86/116/104
o Rack_angle_upright_flange.001
v -1.044694 0.005000 -0.546931
v -1.044694 0.009000 -0.542931
v -1.048694 0.009000 -0.546931
v -1.044694 3.271000 -0.542931
v -1.044694 3.275000 -0.546931
v -1.048694 3.271000 -0.546931
v -1.044694 0.005000 -0.564931
v -1.048694 0.009000 -0.564931
v -1.044694 0.009000 -0.568931
v -1.044694 3.275000 -0.564931
v -1.044694 3.271000 -0.568931
v -1.048694 3.271000 -0.564931
v -0.947694 0.005000 -0.546931
v -0.943694 0.009000 -0.546931
v -0.947694 0.009000 -0.542931
v -0.947694 3.275000 -0.546931
v -0.947694 3.271000 -0.542931
v -0.943694 3.271000 -0.546931
v -0.947694 0.005000 -0.564931
v -0.947694 0.009000 -0.568931
v -0.943694 0.009000 -0.564931
v -0.947694 3.275000 -0.564931
v -0.943694 3.271000 -0.564931
v -0.947694 3.271000 -0.568931
vn -0.5773 -0.5774 0.5774
vn -0.5773 0.5774 0.5774
vn -0.5773 -0.5774 -0.5774
vn -0.5773 0.5774 -0.5774
vn 0.5773 -0.5774 0.5774
vn 0.5773 0.5774 0.5774
vn 0.5773 -0.5774 -0.5774
vn 0.5773 0.5774 -0.5774
vn -0.7071 -0.7071 -0.0000
vn -0.7071 -0.0000 0.7071
vn -0.7071 0.7071 -0.0000
vn -0.7071 -0.0000 -0.7071
vn -0.0000 -0.7071 -0.7071
vn -0.0000 0.7071 -0.7071
vn 0.7071 -0.0000 -0.7071
vn 0.7071 -0.7071 -0.0000
vn 0.7071 0.7071 -0.0000
vn 0.7071 -0.0000 0.7071
vn -0.0000 -0.7071 0.7071
vn -0.0000 0.7071 0.7071
vn -0.0000 -1.0000 -0.0000
vn -1.0000 -0.0000 -0.0000
vn -0.0000 -0.0000 1.0000
vn -0.0000 1.0000 -0.0000
vn -0.0000 -0.0000 -1.0000
vn 1.0000 -0.0000 -0.0000
vt 0.134524 0.711538
vt 0.134524 0.750000
vt 0.125000 0.711538
vt 0.624694 0.990476
vt 0.625000 0.990476
vt 0.624694 1.000000
vt 0.134524 0.538462
vt 0.125000 0.538462
vt 0.134524 0.500000
vt 0.625000 0.243529
vt 0.624694 0.259524
vt 0.624694 0.221154
vt 0.365476 0.711538
vt 0.375229 0.711538
vt 0.370391 0.754762
vt 0.629762 0.735531
vt 0.624694 0.759524
vt 0.624694 0.721154
vt 0.365476 0.538462
vt 0.370391 0.495238
vt 0.375229 0.538462
vt 0.629762 0.526465
vt 0.624694 0.538462
vt 0.624694 0.492857
vt 0.375306 0.000000
vt 0.624694 0.000000
vt 0.624694 0.038462
vt 0.375306 0.038462
vt 0.625000 0.038462
vt 0.375306 0.259524
vt 0.375306 0.211538
vt 0.375306 0.990476
vt 0.865476 0.538462
vt 0.865476 0.711538
s 0
usemtl Aged_dark_steel
f 97/137/105 98/138/105 99/139/105
f 100/140/106 101/141/106 102/142/106
f 103/143/107 104/144/107 105/145/107
f 106/146/108 107/147/108 108/148/108
f 109/149/109 110/150/109 111/151/109
f 112/152/110 113/153/110 114/154/110
f 115/155/111 116/156/111 117/157/111
f 118/158/112 119/159/112 120/160/112
f 103/143/113 97/137/113 99/139/113 104/144/113
f 98/161/114 100/162/114 102/163/114 99/164/114
f 101/165/115 106/146/115 108/148/115 102/163/115
f 107/147/116 105/166/116 104/167/116 108/148/116
f 115/155/117 103/143/117 105/145/117 116/156/117
f 106/146/118 118/158/118 120/160/118 107/147/118
f 119/159/119 117/157/119 116/156/119 120/160/119
f 109/149/120 115/155/120 117/157/120 110/150/120
f 118/158/121 112/152/121 114/154/121 119/159/121
f 113/153/122 111/151/122 110/150/122 114/154/122
f 97/137/123 109/149/123 111/151/123 98/138/123
f 112/152/124 101/141/124 100/140/124 113/153/124
f 103/143/125 115/155/125 109/149/125 97/137/125
f 99/164/126 102/163/126 108/148/126 104/167/126
f 111/151/127 113/153/127 100/140/127 98/168/127
f 118/158/128 106/169/128 101/170/128 112/152/128
f 105/166/129 107/147/129 120/160/129 116/156/129
f 117/157/130 119/159/130 114/154/130 110/150/130
o Rack_steel_foot.001
v -1.095194 0.007500 -0.452931
v -1.095194 0.013500 -0.446931
v -1.101194 0.013500 -0.452931
v -1.095194 0.056500 -0.446931
v -1.095194 0.062500 -0.452931
v -1.101194 0.056500 -0.452931
v -1.095194 0.007500 -0.590931
v -1.101194 0.013500 -0.590931
v -1.095194 0.013500 -0.596931
v -1.095194 0.062500 -0.590931
v -1.095194 0.056500 -0.596931
v -1.101194 0.056500 -0.590931
v -0.947194 0.007500 -0.452931
v -0.941194 0.013500 -0.452931
v -0.947194 0.013500 -0.446931
v -0.947194 0.062500 -0.452931
v -0.947194 0.056500 -0.446931
v -0.941194 0.056500 -0.452931
v -0.947194 0.007500 -0.590931
v -0.947194 0.013500 -0.596931
v -0.941194 0.013500 -0.590931
v -0.947194 0.062500 -0.590931
v -0.941194 0.056500 -0.590931
v -0.947194 0.056500 -0.596931
vn -0.5774 -0.5774 0.5774
vn -0.5774 0.5774 0.5774
vn -0.5774 -0.5774 -0.5774
vn -0.5774 0.5774 -0.5774
vn 0.5774 -0.5774 0.5774
vn 0.5774 0.5774 0.5774
vn 0.5774 -0.5774 -0.5774
vn 0.5774 0.5774 -0.5774
vn -0.7071 -0.7071 -0.0000
vn -0.7071 -0.0000 0.7071
vn -0.7071 0.7071 -0.0000
vn -0.7071 -0.0000 -0.7071
vn -0.0000 -0.7071 -0.7071
vn -0.0000 0.7071 -0.7071
vn 0.7071 -0.0000 -0.7071
vn 0.7071 -0.7071 -0.0000
vn 0.7071 0.7071 -0.0000
vn 0.7071 -0.0000 0.7071
vn -0.0000 -0.7071 0.7071
vn -0.0000 0.7071 0.7071
vn -0.0000 -1.0000 -0.0000
vn -1.0000 -0.0000 -0.0000
vn -0.0000 -0.0000 1.0000
vn -0.0000 1.0000 -0.0000
vn -0.0000 -0.0000 -1.0000
vn 1.0000 -0.0000 -0.0000
vt 0.134375 0.740000
vt 0.134375 0.750000
vt 0.125000 0.740000
vt 0.597727 0.990625
vt 0.625000 0.990625
vt 0.597727 1.000000
vt 0.134375 0.510000
vt 0.125000 0.510000
vt 0.134375 0.500000
vt 0.625000 0.252917
vt 0.597727 0.259375
vt 0.597727 0.242500
vt 0.365625 0.740000
vt 0.395455 0.740000
vt 0.383949 0.754688
vt 0.629687 0.749687
vt 0.597727 0.759375
vt 0.597727 0.742500
vt 0.365625 0.510000
vt 0.383949 0.495313
vt 0.395455 0.510000
vt 0.629687 0.505156
vt 0.597727 0.510000
vt 0.597727 0.492969
vt 0.402273 0.000000
vt 0.597727 0.000000
vt 0.597727 0.010000
vt 0.402273 0.010000
vt 0.625000 0.010000
vt 0.402273 0.259375
vt 0.402273 0.240000
vt 0.402273 0.990625
vt 0.865625 0.510000
vt 0.865625 0.740000
s 0
usemtl Aged_dark_steel
f 121/171/131 122/172/131 123/173/131
f 124/174/132 125/175/132 126/176/132
f 127/177/133 128/178/133 129/179/133
f 130/180/134 131/181/134 132/182/134
f 133/183/135 134/184/135 135/185/135
f 136/186/136 137/187/136 138/188/136
f 139/189/137 140/190/137 141/191/137
f 142/192/138 143/193/138 144/194/138
f 127/177/139 121/171/139 123/173/139 128/178/139
f 122/195/140 124/196/140 126/197/140 123/198/140
f 125/199/141 130/180/141 132/182/141 126/197/141
f 131/181/142 129/200/142 128/201/142 132/182/142
f 139/189/143 127/177/143 129/179/143 140/190/143
f 130/180/144 142/192/144 144/194/144 131/181/144
f 143/193/145 141/191/145 140/190/145 144/194/145
f 133/183/146 139/189/146 141/191/146 134/184/146
f 142/192/147 136/186/147 138/188/147 143/193/147
f 137/187/148 135/185/148 134/184/148 138/188/148
f 121/171/149 133/183/149 135/185/149 122/172/149
f 136/186/150 125/175/150 124/174/150 137/187/150
f 127/177/151 139/189/151 133/183/151 121/171/151
f 123/198/152 126/197/152 132/182/152 128/201/152
f 135/185/153 137/187/153 124/174/153 122/202/153
f 142/192/154 130/203/154 125/204/154 136/186/154
f 129/200/155 131/181/155 144/194/155 140/190/155
f 141/191/156 143/193/156 138/188/156 134/184/156
o Rack_angle_upright_web.002
v 1.040806 0.005000 0.593569
v 1.040806 0.012000 0.600569
v 1.033806 0.012000 0.593569
v 1.040806 3.268000 0.600569
v 1.040806 3.275000 0.593569
v 1.033806 3.268000 0.593569
v 1.040806 0.005000 0.542569
v 1.033806 0.012000 0.542569
v 1.040806 0.012000 0.535569
v 1.040806 3.275000 0.542569
v 1.040806 3.268000 0.535569
v 1.033806 3.268000 0.542569
v 1.096806 0.005000 0.593569
v 1.103806 0.012000 0.593569
v 1.096806 0.012000 0.600569
v 1.096806 3.275000 0.593569
v 1.096806 3.268000 0.600569
v 1.103806 3.268000 0.593569
v 1.096806 0.005000 0.542569
v 1.096806 0.012000 0.535569
v 1.103806 0.012000 0.542569
v 1.096806 3.275000 0.542569
v 1.103806 3.268000 0.542569
v 1.096806 3.268000 0.535569
vn -0.5773 -0.5774 0.5774
vn -0.5773 0.5774 0.5774
vn -0.5773 -0.5774 -0.5774
vn -0.5773 0.5774 -0.5774
vn 0.5773 -0.5774 0.5774
vn 0.5773 0.5774 0.5774
vn 0.5773 -0.5774 -0.5774
vn 0.5773 0.5774 -0.5774
vn -0.7071 -0.7071 -0.0000
vn -0.7071 -0.0000 0.7071
vn -0.7071 0.7071 -0.0000
vn -0.7071 -0.0000 -0.7071
vn -0.0000 -0.7071 -0.7071
vn -0.0000 0.7071 -0.7071
vn 0.7071 -0.0000 -0.7071
vn 0.7071 -0.7071 -0.0000
vn 0.7071 0.7071 -0.0000
vn 0.7071 -0.0000 0.7071
vn -0.0000 -0.7071 0.7071
vn -0.0000 0.7071 0.7071
vn -0.0000 -1.0000 -0.0000
vn -1.0000 -0.0000 -0.0000
vn -0.0000 -0.0000 1.0000
vn -0.0000 1.0000 -0.0000
vn -0.0000 -0.0000 -1.0000
vn 1.0000 -0.0000 -0.0000
vt 0.150000 0.723077
vt 0.150000 0.750000
vt 0.125000 0.723077
vt 0.624465 0.975000
vt 0.625000 0.975000
vt 0.624465 1.000000
vt 0.150000 0.526923
vt 0.125000 0.526923
vt 0.150000 0.500000
vt 0.625000 0.257692
vt 0.624465 0.275000
vt 0.624465 0.229808
vt 0.350000 0.723077
vt 0.375401 0.723077
vt 0.362768 0.762500
vt 0.637500 0.749038
vt 0.624465 0.775000
vt 0.624465 0.729808
vt 0.350000 0.526923
vt 0.362768 0.487500
vt 0.375401 0.526923
vt 0.637500 0.513942
vt 0.624465 0.526923
vt 0.624465 0.481250
vt 0.375535 0.000000
vt 0.624465 0.000000
vt 0.624465 0.026923
vt 0.375535 0.026923
vt 0.625000 0.026923
vt 0.375535 0.275000
vt 0.375535 0.223077
vt 0.375535 0.975000
vt 0.850000 0.526923
vt 0.850000 0.723077
s 0
usemtl Aged_dark_steel
f 145/205/157 146/206/157 147/207/157
f 148/208/158 149/209/158 150/210/158
f 151/211/159 152/212/159 153/213/159
f 154/214/160 155/215/160 156/216/160
f 157/217/161 158/218/161 159/219/161
f 160/220/162 161/221/162 162/222/162
f 163/223/163 164/224/163 165/225/163
f 166/226/164 167/227/164 168/228/164
f 151/211/165 145/205/165 147/207/165 152/212/165
f 146/229/166 148/230/166 150/231/166 147/232/166
f 149/233/167 154/214/167 156/216/167 150/231/167
f 155/215/168 153/234/168 152/235/168 156/216/168
f 163/223/169 151/211/169 153/213/169 164/224/169
f 154/214/170 166/226/170 168/228/170 155/215/170
f 167/227/171 165/225/171 164/224/171 168/228/171
f 157/217/172 163/223/172 165/225/172 158/218/172
f 166/226/173 160/220/173 162/222/173 167/227/173
f 161/221/174 159/219/174 158/218/174 162/222/174
f 145/205/175 157/217/175 159/219/175 146/206/175
f 160/220/176 149/209/176 148/208/176 161/221/176
f 151/211/177 163/223/177 157/217/177 145/205/177
f 147/232/178 150/231/178 156/216/178 152/235/178
f 159/219/179 161/221/179 148/208/179 146/236/179
f 166/226/180 154/237/180 149/238/180 160/220/180
f 153/234/181 155/215/181 168/228/181 164/224/181
f 165/225/182 167/227/182 162/222/182 158/218/182
o Rack_angle_upright_flange.002
v 0.995306 0.005000 0.543069
v 0.995306 0.009000 0.547069
v 0.991306 0.009000 0.543069
v 0.995306 3.271000 0.547069
v 0.995306 3.275000 0.543069
v 0.991306 3.271000 0.543069
v 0.995306 0.005000 0.525069
v 0.991306 0.009000 0.525069
v 0.995306 0.009000 0.521069
v 0.995306 3.275000 0.525069
v 0.995306 3.271000 0.521069
v 0.991306 3.271000 0.525069
v 1.092306 0.005000 0.543069
v 1.096306 0.009000 0.543069
v 1.092306 0.009000 0.547069
v 1.092306 3.275000 0.543069
v 1.092306 3.271000 0.547069
v 1.096306 3.271000 0.543069
v 1.092306 0.005000 0.525069
v 1.092306 0.009000 0.521069
v 1.096306 0.009000 0.525069
v 1.092306 3.275000 0.525069
v 1.096306 3.271000 0.525069
v 1.092306 3.271000 0.521069
vn -0.5773 -0.5774 0.5774
vn -0.5773 0.5774 0.5774
vn -0.5773 -0.5774 -0.5774
vn -0.5773 0.5774 -0.5774
vn 0.5773 -0.5774 0.5774
vn 0.5773 0.5774 0.5774
vn 0.5773 -0.5774 -0.5774
vn 0.5773 0.5774 -0.5774
vn -0.7071 -0.7071 -0.0000
vn -0.7071 -0.0000 0.7071
vn -0.7071 0.7071 -0.0000
vn -0.7071 -0.0000 -0.7071
vn -0.0000 -0.7071 -0.7071
vn -0.0000 0.7071 -0.7071
vn 0.7071 -0.0000 -0.7071
vn 0.7071 -0.7071 -0.0000
vn 0.7071 0.7071 -0.0000
vn 0.7071 -0.0000 0.7071
vn -0.0000 -0.7071 0.7071
vn -0.0000 0.7071 0.7071
vn -0.0000 -1.0000 -0.0000
vn -1.0000 -0.0000 -0.0000
vn -0.0000 -0.0000 1.0000
vn -0.0000 1.0000 -0.0000
vn -0.0000 -0.0000 -1.0000
vn 1.0000 -0.0000 -0.0000
vt 0.134524 0.711538
vt 0.134524 0.750000
vt 0.125000 0.711538
vt 0.624694 0.990476
vt 0.625000 0.990476
vt 0.624694 1.000000
vt 0.134524 0.538462
vt 0.125000 0.538462
vt 0.134524 0.500000
vt 0.625000 0.243529
vt 0.624694 0.259524
vt 0.624694 0.221154
vt 0.365476 0.711538
vt 0.375229 0.711538
vt 0.370391 0.754762
vt 0.629762 0.735531
vt 0.624694 0.759524
vt 0.624694 0.721154
vt 0.365476 0.538462
vt 0.370391 0.495238
vt 0.375229 0.538462
vt 0.629762 0.526465
vt 0.624694 0.538462
vt 0.624694 0.492857
vt 0.375306 0.000000
vt 0.624694 0.000000
vt 0.624694 0.038462
vt 0.375306 0.038462
vt 0.625000 0.038462
vt 0.375306 0.259524
vt 0.375306 0.211538
vt 0.375306 0.990476
vt 0.865476 0.538462
vt 0.865476 0.711538
s 0
usemtl Aged_dark_steel
f 169/239/183 170/240/183 171/241/183
f 172/242/184 173/243/184 174/244/184
f 175/245/185 176/246/185 177/247/185
f 178/248/186 179/249/186 180/250/186
f 181/251/187 182/252/187 183/253/187
f 184/254/188 185/255/188 186/256/188
f 187/257/189 188/258/189 189/259/189
f 190/260/190 191/261/190 192/262/190
f 175/245/191 169/239/191 171/241/191 176/246/191
f 170/263/192 172/264/192 174/265/192 171/266/192
f 173/267/193 178/248/193 180/250/193 174/265/193
f 179/249/194 177/268/194 176/269/194 180/250/194
f 187/257/195 175/245/195 177/247/195 188/258/195
f 178/248/196 190/260/196 192/262/196 179/249/196
f 191/261/197 189/259/197 188/258/197 192/262/197
f 181/251/198 187/257/198 189/259/198 182/252/198
f 190/260/199 184/254/199 186/256/199 191/261/199
f 185/255/200 183/253/200 182/252/200 186/256/200
f 169/239/201 181/251/201 183/253/201 170/240/201
f 184/254/202 173/243/202 172/242/202 185/255/202
f 175/245/203 187/257/203 181/251/203 169/239/203
f 171/266/204 174/265/204 180/250/204 176/269/204
f 183/253/205 185/255/205 172/242/205 170/270/205
f 190/260/206 178/271/206 173/272/206 184/254/206
f 177/268/207 179/249/207 192/262/207 188/258/207
f 189/259/208 191/261/208 186/256/208 182/252/208
o Rack_steel_foot.002
v 0.994806 0.007500 0.637069
v 0.994806 0.013500 0.643069
v 0.988806 0.013500 0.637069
v 0.994806 0.056500 0.643069
v 0.994806 0.062500 0.637069
v 0.988806 0.056500 0.637069
v 0.994806 0.007500 0.499069
v 0.988806 0.013500 0.499069
v 0.994806 0.013500 0.493069
v 0.994806 0.062500 0.499069
v 0.994806 0.056500 0.493069
v 0.988806 0.056500 0.499069
v 1.142806 0.007500 0.637069
v 1.148806 0.013500 0.637069
v 1.142806 0.013500 0.643069
v 1.142806 0.062500 0.637069
v 1.142806 0.056500 0.643069
v 1.148806 0.056500 0.637069
v 1.142806 0.007500 0.499069
v 1.142806 0.013500 0.493069
v 1.148806 0.013500 0.499069
v 1.142806 0.062500 0.499069
v 1.148806 0.056500 0.499069
v 1.142806 0.056500 0.493069
vn -0.5774 -0.5774 0.5774
vn -0.5774 0.5774 0.5774
vn -0.5774 -0.5774 -0.5774
vn -0.5774 0.5774 -0.5774
vn 0.5774 -0.5774 0.5774
vn 0.5774 0.5774 0.5774
vn 0.5774 -0.5774 -0.5774
vn 0.5774 0.5774 -0.5774
vn -0.7071 -0.7071 -0.0000
vn -0.7071 -0.0000 0.7071
vn -0.7071 0.7071 -0.0000
vn -0.7071 -0.0000 -0.7071
vn -0.0000 -0.7071 -0.7071
vn -0.0000 0.7071 -0.7071
vn 0.7071 -0.0000 -0.7071
vn 0.7071 -0.7071 -0.0000
vn 0.7071 0.7071 -0.0000
vn 0.7071 -0.0000 0.7071
vn -0.0000 -0.7071 0.7071
vn -0.0000 0.7071 0.7071
vn -0.0000 -1.0000 -0.0000
vn -1.0000 -0.0000 -0.0000
vn -0.0000 -0.0000 1.0000
vn -0.0000 1.0000 -0.0000
vn -0.0000 -0.0000 -1.0000
vn 1.0000 -0.0000 -0.0000
vt 0.134375 0.740000
vt 0.134375 0.750000
vt 0.125000 0.740000
vt 0.597727 0.990625
vt 0.625000 0.990625
vt 0.597727 1.000000
vt 0.134375 0.510000
vt 0.125000 0.510000
vt 0.134375 0.500000
vt 0.625000 0.252917
vt 0.597727 0.259375
vt 0.597727 0.242500
vt 0.365625 0.740000
vt 0.395455 0.740000
vt 0.383949 0.754688
vt 0.629687 0.749687
vt 0.597727 0.759375
vt 0.597727 0.742500
vt 0.365625 0.510000
vt 0.383949 0.495313
vt 0.395455 0.510000
vt 0.629687 0.505156
vt 0.597727 0.510000
vt 0.597727 0.492969
vt 0.402273 0.000000
vt 0.597727 0.000000
vt 0.597727 0.010000
vt 0.402273 0.010000
vt 0.625000 0.010000
vt 0.402273 0.259375
vt 0.402273 0.240000
vt 0.402273 0.990625
vt 0.865625 0.510000
vt 0.865625 0.740000
s 0
usemtl Aged_dark_steel
f 193/273/209 194/274/209 195/275/209
f 196/276/210 197/277/210 198/278/210
f 199/279/211 200/280/211 201/281/211
f 202/282/212 203/283/212 204/284/212
f 205/285/213 206/286/213 207/287/213
f 208/288/214 209/289/214 210/290/214
f 211/291/215 212/292/215 213/293/215
f 214/294/216 215/295/216 216/296/216
f 199/279/217 193/273/217 195/275/217 200/280/217
f 194/297/218 196/298/218 198/299/218 195/300/218
f 197/301/219 202/282/219 204/284/219 198/299/219
f 203/283/220 201/302/220 200/303/220 204/284/220
f 211/291/221 199/279/221 201/281/221 212/292/221
f 202/282/222 214/294/222 216/296/222 203/283/222
f 215/295/223 213/293/223 212/292/223 216/296/223
f 205/285/224 211/291/224 213/293/224 206/286/224
f 214/294/225 208/288/225 210/290/225 215/295/225
f 209/289/226 207/287/226 206/286/226 210/290/226
f 193/273/227 205/285/227 207/287/227 194/274/227
f 208/288/228 197/277/228 196/276/228 209/289/228
f 199/279/229 211/291/229 205/285/229 193/273/229
f 195/300/230 198/299/230 204/284/230 200/303/230
f 207/287/231 209/289/231 196/276/231 194/304/231
f 214/294/232 202/305/232 197/306/232 208/288/232
f 201/302/233 203/283/233 216/296/233 212/292/233
f 213/293/234 215/295/234 210/290/234 206/286/234
o Rack_angle_upright_web.003
v 1.040806 0.005000 -0.496431
v 1.040806 0.012000 -0.489431
v 1.033806 0.012000 -0.496431
v 1.040806 3.268000 -0.489431
v 1.040806 3.275000 -0.496431
v 1.033806 3.268000 -0.496431
v 1.040806 0.005000 -0.547431
v 1.033806 0.012000 -0.547431
v 1.040806 0.012000 -0.554431
v 1.040806 3.275000 -0.547431
v 1.040806 3.268000 -0.554431
v 1.033806 3.268000 -0.547431
v 1.096806 0.005000 -0.496431
v 1.103806 0.012000 -0.496431
v 1.096806 0.012000 -0.489431
v 1.096806 3.275000 -0.496431
v 1.096806 3.268000 -0.489431
v 1.103806 3.268000 -0.496431
v 1.096806 0.005000 -0.547431
v 1.096806 0.012000 -0.554431
v 1.103806 0.012000 -0.547431
v 1.096806 3.275000 -0.547431
v 1.103806 3.268000 -0.547431
v 1.096806 3.268000 -0.554431
vn -0.5773 -0.5774 0.5774
vn -0.5773 0.5774 0.5774
vn -0.5773 -0.5774 -0.5774
vn -0.5773 0.5774 -0.5774
vn 0.5773 -0.5774 0.5774
vn 0.5773 0.5774 0.5774
vn 0.5773 -0.5774 -0.5774
vn 0.5773 0.5774 -0.5774
vn -0.7071 -0.7071 -0.0000
vn -0.7071 -0.0000 0.7071
vn -0.7071 0.7071 -0.0000
vn -0.7071 -0.0000 -0.7071
vn -0.0000 -0.7071 -0.7071
vn -0.0000 0.7071 -0.7071
vn 0.7071 -0.0000 -0.7071
vn 0.7071 -0.7071 -0.0000
vn 0.7071 0.7071 -0.0000
vn 0.7071 -0.0000 0.7071
vn -0.0000 -0.7071 0.7071
vn -0.0000 0.7071 0.7071
vn -0.0000 -1.0000 -0.0000
vn -1.0000 -0.0000 -0.0000
vn -0.0000 -0.0000 1.0000
vn -0.0000 1.0000 -0.0000
vn -0.0000 -0.0000 -1.0000
vn 1.0000 -0.0000 -0.0000
vt 0.150000 0.723077
vt 0.150000 0.750000
vt 0.125000 0.723077
vt 0.624465 0.975000
vt 0.625000 0.975000
vt 0.624465 1.000000
vt 0.150000 0.526923
vt 0.125000 0.526923
vt 0.150000 0.500000
vt 0.625000 0.257692
vt 0.624465 0.275000
vt 0.624465 0.229808
vt 0.350000 0.723077
vt 0.375401 0.723077
vt 0.362768 0.762500
vt 0.637500 0.749038
vt 0.624465 0.775000
vt 0.624465 0.729808
vt 0.350000 0.526923
vt 0.362768 0.487500
vt 0.375401 0.526923
vt 0.637500 0.513942
vt 0.624465 0.526923
vt 0.624465 0.481250
vt 0.375535 0.000000
vt 0.624465 0.000000
vt 0.624465 0.026923
vt 0.375535 0.026923
vt 0.625000 0.026923
vt 0.375535 0.275000
vt 0.375535 0.223077
vt 0.375535 0.975000
vt 0.850000 0.526923
vt 0.850000 0.723077
s 0
usemtl Aged_dark_steel
f 217/307/235 218/308/235 219/309/235
f 220/310/236 221/311/236 222/312/236
f 223/313/237 224/314/237 225/315/237
f 226/316/238 227/317/238 228/318/238
f 229/319/239 230/320/239 231/321/239
f 232/322/240 233/323/240 234/324/240
f 235/325/241 236/326/241 237/327/241
f 238/328/242 239/329/242 240/330/242
f 223/313/243 217/307/243 219/309/243 224/314/243
f 218/331/244 220/332/244 222/333/244 219/334/244
f 221/335/245 226/316/245 228/318/245 222/333/245
f 227/317/246 225/336/246 224/337/246 228/318/246
f 235/325/247 223/313/247 225/315/247 236/326/247
f 226/316/248 238/328/248 240/330/248 227/317/248
f 239/329/249 237/327/249 236/326/249 240/330/249
f 229/319/250 235/325/250 237/327/250 230/320/250
f 238/328/251 232/322/251 234/324/251 239/329/251
f 233/323/252 231/321/252 230/320/252 234/324/252
f 217/307/253 229/319/253 231/321/253 218/308/253
f 232/322/254 221/311/254 220/310/254 233/323/254
f 223/313/255 235/325/255 229/319/255 217/307/255
f 219/334/256 222/333/256 228/318/256 224/337/256
f 231/321/257 233/323/257 220/310/257 218/338/257
f 238/328/258 226/339/258 221/340/258 232/322/258
f 225/336/259 227/317/259 240/330/259 236/326/259
f 237/327/260 239/329/260 234/324/260 230/320/260
o Rack_angle_upright_flange.003
v 0.995306 0.005000 -0.546931
v 0.995306 0.009000 -0.542931
v 0.991306 0.009000 -0.546931
v 0.995306 3.271000 -0.542931
v 0.995306 3.275000 -0.546931
v 0.991306 3.271000 -0.546931
v 0.995306 0.005000 -0.564931
v 0.991306 0.009000 -0.564931
v 0.995306 0.009000 -0.568931
v 0.995306 3.275000 -0.564931
v 0.995306 3.271000 -0.568931
v 0.991306 3.271000 -0.564931
v 1.092306 0.005000 -0.546931
v 1.096306 0.009000 -0.546931
v 1.092306 0.009000 -0.542931
v 1.092306 3.275000 -0.546931
v 1.092306 3.271000 -0.542931
v 1.096306 3.271000 -0.546931
v 1.092306 0.005000 -0.564931
v 1.092306 0.009000 -0.568931
v 1.096306 0.009000 -0.564931
v 1.092306 3.275000 -0.564931
v 1.096306 3.271000 -0.564931
v 1.092306 3.271000 -0.568931
vn -0.5773 -0.5774 0.5774
vn -0.5773 0.5774 0.5774
vn -0.5773 -0.5774 -0.5774
vn -0.5773 0.5774 -0.5774
vn 0.5773 -0.5774 0.5774
vn 0.5773 0.5774 0.5774
vn 0.5773 -0.5774 -0.5774
vn 0.5773 0.5774 -0.5774
vn -0.7071 -0.7071 -0.0000
vn -0.7071 -0.0000 0.7071
vn -0.7071 0.7071 -0.0000
vn -0.7071 -0.0000 -0.7071
vn -0.0000 -0.7071 -0.7071
vn -0.0000 0.7071 -0.7071
vn 0.7071 -0.0000 -0.7071
vn 0.7071 -0.7071 -0.0000
vn 0.7071 0.7071 -0.0000
vn 0.7071 -0.0000 0.7071
vn -0.0000 -0.7071 0.7071
vn -0.0000 0.7071 0.7071
vn -0.0000 -1.0000 -0.0000
vn -1.0000 -0.0000 -0.0000
vn -0.0000 -0.0000 1.0000
vn -0.0000 1.0000 -0.0000
vn -0.0000 -0.0000 -1.0000
vn 1.0000 -0.0000 -0.0000
vt 0.134524 0.711538
vt 0.134524 0.750000
vt 0.125000 0.711538
vt 0.624694 0.990476
vt 0.625000 0.990476
vt 0.624694 1.000000
vt 0.134524 0.538462
vt 0.125000 0.538462
vt 0.134524 0.500000
vt 0.625000 0.243529
vt 0.624694 0.259524
vt 0.624694 0.221154
vt 0.365476 0.711538
vt 0.375229 0.711538
vt 0.370391 0.754762
vt 0.629762 0.735531
vt 0.624694 0.759524
vt 0.624694 0.721154
vt 0.365476 0.538462
vt 0.370391 0.495238
vt 0.375229 0.538462
vt 0.629762 0.526465
vt 0.624694 0.538462
vt 0.624694 0.492857
vt 0.375306 0.000000
vt 0.624694 0.000000
vt 0.624694 0.038462
vt 0.375306 0.038462
vt 0.625000 0.038462
vt 0.375306 0.259524
vt 0.375306 0.211538
vt 0.375306 0.990476
vt 0.865476 0.538462
vt 0.865476 0.711538
s 0
usemtl Aged_dark_steel
f 241/341/261 242/342/261 243/343/261
f 244/344/262 245/345/262 246/346/262
f 247/347/263 248/348/263 249/349/263
f 250/350/264 251/351/264 252/352/264
f 253/353/265 254/354/265 255/355/265
f 256/356/266 257/357/266 258/358/266
f 259/359/267 260/360/267 261/361/267
f 262/362/268 263/363/268 264/364/268
f 247/347/269 241/341/269 243/343/269 248/348/269
f 242/365/270 244/366/270 246/367/270 243/368/270
f 245/369/271 250/350/271 252/352/271 246/367/271
f 251/351/272 249/370/272 248/371/272 252/352/272
f 259/359/273 247/347/273 249/349/273 260/360/273
f 250/350/274 262/362/274 264/364/274 251/351/274
f 263/363/275 261/361/275 260/360/275 264/364/275
f 253/353/276 259/359/276 261/361/276 254/354/276
f 262/362/277 256/356/277 258/358/277 263/363/277
f 257/357/278 255/355/278 254/354/278 258/358/278
f 241/341/279 253/353/279 255/355/279 242/342/279
f 256/356/280 245/345/280 244/344/280 257/357/280
f 247/347/281 259/359/281 253/353/281 241/341/281
f 243/368/282 246/367/282 252/352/282 248/371/282
f 255/355/283 257/357/283 244/344/283 242/372/283
f 262/362/284 250/373/284 245/374/284 256/356/284
f 249/370/285 251/351/285 264/364/285 260/360/285
f 261/361/286 263/363/286 258/358/286 254/354/286
o Rack_steel_foot.003
v 0.994806 0.007500 -0.452931
v 0.994806 0.013500 -0.446931
v 0.988806 0.013500 -0.452931
v 0.994806 0.056500 -0.446931
v 0.994806 0.062500 -0.452931
v 0.988806 0.056500 -0.452931
v 0.994806 0.007500 -0.590931
v 0.988806 0.013500 -0.590931
v 0.994806 0.013500 -0.596931
v 0.994806 0.062500 -0.590931
v 0.994806 0.056500 -0.596931
v 0.988806 0.056500 -0.590931
v 1.142806 0.007500 -0.452931
v 1.148806 0.013500 -0.452931
v 1.142806 0.013500 -0.446931
v 1.142806 0.062500 -0.452931
v 1.142806 0.056500 -0.446931
v 1.148806 0.056500 -0.452931
v 1.142806 0.007500 -0.590931
v 1.142806 0.013500 -0.596931
v 1.148806 0.013500 -0.590931
v 1.142806 0.062500 -0.590931
v 1.148806 0.056500 -0.590931
v 1.142806 0.056500 -0.596931
vn -0.5774 -0.5774 0.5774
vn -0.5774 0.5774 0.5774
vn -0.5774 -0.5774 -0.5774
vn -0.5774 0.5774 -0.5774
vn 0.5774 -0.5774 0.5774
vn 0.5774 0.5774 0.5774
vn 0.5774 -0.5774 -0.5774
vn 0.5774 0.5774 -0.5774
vn -0.7071 -0.7071 -0.0000
vn -0.7071 -0.0000 0.7071
vn -0.7071 0.7071 -0.0000
vn -0.7071 -0.0000 -0.7071
vn -0.0000 -0.7071 -0.7071
vn -0.0000 0.7071 -0.7071
vn 0.7071 -0.0000 -0.7071
vn 0.7071 -0.7071 -0.0000
vn 0.7071 0.7071 -0.0000
vn 0.7071 -0.0000 0.7071
vn -0.0000 -0.7071 0.7071
vn -0.0000 0.7071 0.7071
vn -0.0000 -1.0000 -0.0000
vn -1.0000 -0.0000 -0.0000
vn -0.0000 -0.0000 1.0000
vn -0.0000 1.0000 -0.0000
vn -0.0000 -0.0000 -1.0000
vn 1.0000 -0.0000 -0.0000
vt 0.134375 0.740000
vt 0.134375 0.750000
vt 0.125000 0.740000
vt 0.597727 0.990625
vt 0.625000 0.990625
vt 0.597727 1.000000
vt 0.134375 0.510000
vt 0.125000 0.510000
vt 0.134375 0.500000
vt 0.625000 0.252917
vt 0.597727 0.259375
vt 0.597727 0.242500
vt 0.365625 0.740000
vt 0.395455 0.740000
vt 0.383949 0.754688
vt 0.629687 0.749687
vt 0.597727 0.759375
vt 0.597727 0.742500
vt 0.365625 0.510000
vt 0.383949 0.495313
vt 0.395455 0.510000
vt 0.629687 0.505156
vt 0.597727 0.510000
vt 0.597727 0.492969
vt 0.402273 0.000000
vt 0.597727 0.000000
vt 0.597727 0.010000
vt 0.402273 0.010000
vt 0.625000 0.010000
vt 0.402273 0.259375
vt 0.402273 0.240000
vt 0.402273 0.990625
vt 0.865625 0.510000
vt 0.865625 0.740000
s 0
usemtl Aged_dark_steel
f 265/375/287 266/376/287 267/377/287
f 268/378/288 269/379/288 270/380/288
f 271/381/289 272/382/289 273/383/289
f 274/384/290 275/385/290 276/386/290
f 277/387/291 278/388/291 279/389/291
f 280/390/292 281/391/292 282/392/292
f 283/393/293 284/394/293 285/395/293
f 286/396/294 287/397/294 288/398/294
f 271/381/295 265/375/295 267/377/295 272/382/295
f 266/399/296 268/400/296 270/401/296 267/402/296
f 269/403/297 274/384/297 276/386/297 270/401/297
f 275/385/298 273/404/298 272/405/298 276/386/298
f 283/393/299 271/381/299 273/383/299 284/394/299
f 274/384/300 286/396/300 288/398/300 275/385/300
f 287/397/301 285/395/301 284/394/301 288/398/301
f 277/387/302 283/393/302 285/395/302 278/388/302
f 286/396/303 280/390/303 282/392/303 287/397/303
f 281/391/304 279/389/304 278/388/304 282/392/304
f 265/375/305 277/387/305 279/389/305 266/376/305
f 280/390/306 269/379/306 268/378/306 281/391/306
f 271/381/307 283/393/307 277/387/307 265/375/307
f 267/402/308 270/401/308 276/386/308 272/405/308
f 279/389/309 281/391/309 268/378/309 266/406/309
f 286/396/310 274/407/310 269/408/310 280/390/310
f 273/404/311 275/385/311 288/398/311 284/394/311
f 285/395/312 287/397/312 282/392/312 278/388/312
o Shelf_timber_slat
v -0.971694 0.137500 0.535069
v -0.971694 0.149500 0.547069
v -0.983694 0.149500 0.535069
v -0.971694 0.230500 0.547069
v -0.971694 0.242500 0.535069
v -0.983694 0.230500 0.535069
v -0.971694 0.137500 0.215069
v -0.983694 0.149500 0.215069
v -0.971694 0.149500 0.203069
v -0.971694 0.242500 0.215069
v -0.971694 0.230500 0.203069
v -0.983694 0.230500 0.215069
v 1.019306 0.137500 0.535069
v 1.031306 0.149500 0.535069
v 1.019306 0.149500 0.547069
v 1.019306 0.242500 0.535069
v 1.019306 0.230500 0.547069
v 1.031306 0.230500 0.535069
v 1.019306 0.137500 0.215069
v 1.019306 0.149500 0.203069
v 1.031306 0.149500 0.215069
v 1.019306 0.242500 0.215069
v 1.031306 0.230500 0.215069
v 1.019306 0.230500 0.203069
vn -0.5774 -0.5774 0.5773
vn -0.5774 0.5774 0.5773
vn -0.5774 -0.5774 -0.5773
vn -0.5774 0.5774 -0.5773
vn 0.5774 -0.5774 0.5773
vn 0.5774 0.5774 0.5773
vn 0.5774 -0.5774 -0.5773
vn 0.5774 0.5774 -0.5773
vn -0.7071 -0.7071 -0.0000
vn -0.7071 -0.0000 0.7071
vn -0.7071 0.7071 -0.0000
vn -0.7071 -0.0000 -0.7071
vn -0.0000 -0.7071 -0.7071
vn -0.0000 0.7071 -0.7071
vn 0.7071 -0.0000 -0.7071
vn 0.7071 -0.7071 -0.0000
vn 0.7071 0.7071 -0.0000
vn 0.7071 -0.0000 0.7071
vn -0.0000 -0.7071 0.7071
vn -0.0000 0.7071 0.7071
vn -0.0000 -1.0000 -0.0000
vn -1.0000 -0.0000 -0.0000
vn -0.0000 -0.0000 1.0000
vn -0.0000 1.0000 -0.0000
vn -0.0000 -0.0000 -1.0000
vn 1.0000 -0.0000 -0.0000
vt 0.126489 0.741279
vt 0.126489 0.750000
vt 0.125000 0.741279
vt 0.596429 0.998511
vt 0.625000 0.998511
vt 0.596429 1.000000
vt 0.126489 0.508721
vt 0.125000 0.508721
vt 0.126489 0.500000
vt 0.625000 0.248086
vt 0.596429 0.251489
vt 0.596429 0.243459
vt 0.373511 0.741279
vt 0.396429 0.741279
vt 0.388541 0.750744
vt 0.625744 0.746384
vt 0.596429 0.751489
vt 0.596429 0.743459
vt 0.373511 0.508721
vt 0.388541 0.499256
vt 0.396429 0.508721
vt 0.625744 0.506168
vt 0.596429 0.508721
vt 0.596429 0.498883
vt 0.403571 0.000000
vt 0.596429 0.000000
vt 0.596429 0.008721
vt 0.403571 0.008721
vt 0.625000 0.008721
vt 0.403571 0.251489
vt 0.403571 0.241279
vt 0.403571 0.998511
vt 0.873511 0.508721
vt 0.873511 0.741279
s 0
usemtl Shelf_amber_wood
f 289/409/313 290/410/313 291/411/313
f 292/412/314 293/413/314 294/414/314
f 295/415/315 296/416/315 297/417/315
f 298/418/316 299/419/316 300/420/316
f 301/421/317 302/422/317 303/423/317
f 304/424/318 305/425/318 306/426/318
f 307/427/319 308/428/319 309/429/319
f 310/430/320 311/431/320 312/432/320
f 295/415/321 289/409/321 291/411/321 296/416/321
f 290/433/322 292/434/322 294/435/322 291/436/322
f 293/437/323 298/418/323 300/420/323 294/435/323
f 299/419/324 297/438/324 296/439/324 300/420/324
f 307/427/325 295/415/325 297/417/325 308/428/325
f 298/418/326 310/430/326 312/432/326 299/419/326
f 311/431/327 309/429/327 308/428/327 312/432/327
f 301/421/328 307/427/328 309/429/328 302/422/328
f 310/430/329 304/424/329 306/426/329 311/431/329
f 305/425/330 303/423/330 302/422/330 306/426/330
f 289/409/331 301/421/331 303/423/331 290/410/331
f 304/424/332 293/413/332 292/412/332 305/425/332
f 295/415/333 307/427/333 301/421/333 289/409/333
f 291/436/334 294/435/334 300/420/334 296/439/334
f 303/423/335 305/425/335 292/412/335 290/440/335
f 310/430/336 298/441/336 293/442/336 304/424/336
f 297/438/337 299/419/337 312/432/337 308/428/337
f 309/429/338 311/431/338 306/426/338 302/422/338
o Shelf_timber_slat.001
v -0.971694 0.137500 0.183069
v -0.971694 0.149500 0.195069
v -0.983694 0.149500 0.183069
v -0.971694 0.230500 0.195069
v -0.971694 0.242500 0.183069
v -0.983694 0.230500 0.183069
v -0.971694 0.137500 -0.136931
v -0.983694 0.149500 -0.136931
v -0.971694 0.149500 -0.148931
v -0.971694 0.242500 -0.136931
v -0.971694 0.230500 -0.148931
v -0.983694 0.230500 -0.136931
v 1.019306 0.137500 0.183069
v 1.031306 0.149500 0.183069
v 1.019306 0.149500 0.195069
v 1.019306 0.242500 0.183069
v 1.019306 0.230500 0.195069
v 1.031306 0.230500 0.183069
v 1.019306 0.137500 -0.136931
v 1.019306 0.149500 -0.148931
v 1.031306 0.149500 -0.136931
v 1.019306 0.242500 -0.136931
v 1.031306 0.230500 -0.136931
v 1.019306 0.230500 -0.148931
vn -0.5774 -0.5774 0.5773
vn -0.5774 0.5774 0.5773
vn -0.5774 -0.5774 -0.5773
vn -0.5774 0.5774 -0.5773
vn 0.5774 -0.5774 0.5773
vn 0.5774 0.5774 0.5773
vn 0.5774 -0.5774 -0.5773
vn 0.5774 0.5774 -0.5773
vn -0.7071 -0.7071 -0.0000
vn -0.7071 -0.0000 0.7071
vn -0.7071 0.7071 -0.0000
vn -0.7071 -0.0000 -0.7071
vn -0.0000 -0.7071 -0.7071
vn -0.0000 0.7071 -0.7071
vn 0.7071 -0.0000 -0.7071
vn 0.7071 -0.7071 -0.0000
vn 0.7071 0.7071 -0.0000
vn 0.7071 -0.0000 0.7071
vn -0.0000 -0.7071 0.7071
vn -0.0000 0.7071 0.7071
vn -0.0000 -1.0000 -0.0000
vn -1.0000 -0.0000 -0.0000
vn -0.0000 -0.0000 1.0000
vn -0.0000 1.0000 -0.0000
vn -0.0000 -0.0000 -1.0000
vn 1.0000 -0.0000 -0.0000
vt 0.126489 0.741279
vt 0.126489 0.750000
vt 0.125000 0.741279
vt 0.596429 0.998511
vt 0.625000 0.998511
vt 0.596429 1.000000
vt 0.126489 0.508721
vt 0.125000 0.508721
vt 0.126489 0.500000
vt 0.625000 0.248086
vt 0.596429 0.251489
vt 0.596429 0.243459
vt 0.373511 0.741279
vt 0.396429 0.741279
vt 0.388541 0.750744
vt 0.625744 0.746384
vt 0.596429 0.751489
vt 0.596429 0.743459
vt 0.373511 0.508721
vt 0.388541 0.499256
vt 0.396429 0.508721
vt 0.625744 0.506168
vt 0.596429 0.508721
vt 0.596429 0.498883
vt 0.403571 0.000000
vt 0.596429 0.000000
vt 0.596429 0.008721
vt 0.403571 0.008721
vt 0.625000 0.008721
vt 0.403571 0.251489
vt 0.403571 0.241279
vt 0.403571 0.998511
vt 0.873511 0.508721
vt 0.873511 0.741279
s 0
usemtl Shelf_amber_wood
f 313/443/339 314/444/339 315/445/339
f 316/446/340 317/447/340 318/448/340
f 319/449/341 320/450/341 321/451/341
f 322/452/342 323/453/342 324/454/342
f 325/455/343 326/456/343 327/457/343
f 328/458/344 329/459/344 330/460/344
f 331/461/345 332/462/345 333/463/345
f 334/464/346 335/465/346 336/466/346
f 319/449/347 313/443/347 315/445/347 320/450/347
f 314/467/348 316/468/348 318/469/348 315/470/348
f 317/471/349 322/452/349 324/454/349 318/469/349
f 323/453/350 321/472/350 320/473/350 324/454/350
f 331/461/351 319/449/351 321/451/351 332/462/351
f 322/452/352 334/464/352 336/466/352 323/453/352
f 335/465/353 333/463/353 332/462/353 336/466/353
f 325/455/354 331/461/354 333/463/354 326/456/354
f 334/464/355 328/458/355 330/460/355 335/465/355
f 329/459/356 327/457/356 326/456/356 330/460/356
f 313/443/357 325/455/357 327/457/357 314/444/357
f 328/458/358 317/447/358 316/446/358 329/459/358
f 319/449/359 331/461/359 325/455/359 313/443/359
f 315/470/360 318/469/360 324/454/360 320/473/360
f 327/457/361 329/459/361 316/446/361 314/474/361
f 334/464/362 322/475/362 317/476/362 328/458/362
f 321/472/363 323/453/363 336/466/363 332/462/363
f 333/463/364 335/465/364 330/460/364 326/456/364
o Shelf_timber_slat.002
v -0.971694 0.137500 -0.168931
v -0.971694 0.149500 -0.156931
v -0.983694 0.149500 -0.168931
v -0.971694 0.230500 -0.156931
v -0.971694 0.242500 -0.168931
v -0.983694 0.230500 -0.168931
v -0.971694 0.137500 -0.488931
v -0.983694 0.149500 -0.488931
v -0.971694 0.149500 -0.500931
v -0.971694 0.242500 -0.488931
v -0.971694 0.230500 -0.500931
v -0.983694 0.230500 -0.488931
v 1.019306 0.137500 -0.168931
v 1.031306 0.149500 -0.168931
v 1.019306 0.149500 -0.156931
v 1.019306 0.242500 -0.168931
v 1.019306 0.230500 -0.156931
v 1.031306 0.230500 -0.168931
v 1.019306 0.137500 -0.488931
v 1.019306 0.149500 -0.500931
v 1.031306 0.149500 -0.488931
v 1.019306 0.242500 -0.488931
v 1.031306 0.230500 -0.488931
v 1.019306 0.230500 -0.500931
vn -0.5774 -0.5774 0.5773
vn -0.5774 0.5774 0.5773
vn -0.5774 -0.5774 -0.5773
vn -0.5774 0.5774 -0.5773
vn 0.5774 -0.5774 0.5773
vn 0.5774 0.5774 0.5773
vn 0.5774 -0.5774 -0.5773
vn 0.5774 0.5774 -0.5773
vn -0.7071 -0.7071 -0.0000
vn -0.7071 -0.0000 0.7071
vn -0.7071 0.7071 -0.0000
vn -0.7071 -0.0000 -0.7071
vn -0.0000 -0.7071 -0.7071
vn -0.0000 0.7071 -0.7071
vn 0.7071 -0.0000 -0.7071
vn 0.7071 -0.7071 -0.0000
vn 0.7071 0.7071 -0.0000
vn 0.7071 -0.0000 0.7071
vn -0.0000 -0.7071 0.7071
vn -0.0000 0.7071 0.7071
vn -0.0000 -1.0000 -0.0000
vn -1.0000 -0.0000 -0.0000
vn -0.0000 -0.0000 1.0000
vn -0.0000 1.0000 -0.0000
vn -0.0000 -0.0000 -1.0000
vn 1.0000 -0.0000 -0.0000
vt 0.126489 0.741279
vt 0.126489 0.750000
vt 0.125000 0.741279
vt 0.596429 0.998511
vt 0.625000 0.998511
vt 0.596429 1.000000
vt 0.126489 0.508721
vt 0.125000 0.508721
vt 0.126489 0.500000
vt 0.625000 0.248086
vt 0.596429 0.251489
vt 0.596429 0.243459
vt 0.373511 0.741279
vt 0.396429 0.741279
vt 0.388541 0.750744
vt 0.625744 0.746384
vt 0.596429 0.751489
vt 0.596429 0.743459
vt 0.373511 0.508721
vt 0.388541 0.499256
vt 0.396429 0.508721
vt 0.625744 0.506168
vt 0.596429 0.508721
vt 0.596429 0.498883
vt 0.403571 0.000000
vt 0.596429 0.000000
vt 0.596429 0.008721
vt 0.403571 0.008721
vt 0.625000 0.008721
vt 0.403571 0.251489
vt 0.403571 0.241279
vt 0.403571 0.998511
vt 0.873511 0.508721
vt 0.873511 0.741279
s 0
usemtl Shelf_amber_wood
f 337/477/365 338/478/365 339/479/365
f 340/480/366 341/481/366 342/482/366
f 343/483/367 344/484/367 345/485/367
f 346/486/368 347/487/368 348/488/368
f 349/489/369 350/490/369 351/491/369
f 352/492/370 353/493/370 354/494/370
f 355/495/371 356/496/371 357/497/371
f 358/498/372 359/499/372 360/500/372
f 343/483/373 337/477/373 339/479/373 344/484/373
f 338/501/374 340/502/374 342/503/374 339/504/374
f 341/505/375 346/486/375 348/488/375 342/503/375
f 347/487/376 345/506/376 344/507/376 348/488/376
f 355/495/377 343/483/377 345/485/377 356/496/377
f 346/486/378 358/498/378 360/500/378 347/487/378
f 359/499/379 357/497/379 356/496/379 360/500/379
f 349/489/380 355/495/380 357/497/380 350/490/380
f 358/498/381 352/492/381 354/494/381 359/499/381
f 353/493/382 351/491/382 350/490/382 354/494/382
f 337/477/383 349/489/383 351/491/383 338/478/383
f 352/492/384 341/481/384 340/480/384 353/493/384
f 343/483/385 355/495/385 349/489/385 337/477/385
f 339/504/386 342/503/386 348/488/386 344/507/386
f 351/491/387 353/493/387 340/480/387 338/508/387
f 358/498/388 346/509/388 341/510/388 352/492/388
f 345/506/389 347/487/389 360/500/389 356/496/389
f 357/497/390 359/499/390 354/494/390 350/490/390
o Shelf_amber_front_edge
v -0.981194 0.135000 0.571569
v -0.981194 0.144000 0.580569
v -0.990194 0.144000 0.571569
v -0.981194 0.236000 0.580569
v -0.981194 0.245000 0.571569
v -0.990194 0.236000 0.571569
v -0.981194 0.135000 0.544569
v -0.990194 0.144000 0.544569
v -0.981194 0.144000 0.535569
v -0.981194 0.245000 0.544569
v -0.981194 0.236000 0.535569
v -0.990194 0.236000 0.544569
v 1.028806 0.135000 0.571569
v 1.037806 0.144000 0.571569
v 1.028806 0.144000 0.580569
v 1.028806 0.245000 0.571569
v 1.028806 0.236000 0.580569
v 1.037806 0.236000 0.571569
v 1.028806 0.135000 0.544569
v 1.028806 0.144000 0.535569
v 1.037806 0.144000 0.544569
v 1.028806 0.245000 0.544569
v 1.037806 0.236000 0.544569
v 1.028806 0.236000 0.535569
vn -0.5774 -0.5774 0.5773
vn -0.5774 0.5774 0.5773
vn -0.5774 -0.5774 -0.5773
vn -0.5774 0.5774 -0.5773
vn 0.5774 -0.5774 0.5773
vn 0.5774 0.5774 0.5773
vn 0.5774 -0.5774 -0.5773
vn 0.5774 0.5774 -0.5773
vn -0.7071 -0.7071 -0.0000
vn -0.7071 -0.0000 0.7071
vn -0.7071 0.7071 -0.0000
vn -0.7071 -0.0000 -0.7071
vn -0.0000 -0.7071 -0.7071
vn -0.0000 0.7071 -0.7071
vn 0.7071 -0.0000 -0.7071
vn 0.7071 -0.7071 -0.0000
vn 0.7071 0.7071 -0.0000
vn 0.7071 -0.0000 0.7071
vn -0.0000 -0.7071 0.7071
vn -0.0000 0.7071 0.7071
vn -0.0000 -1.0000 -0.0000
vn -1.0000 -0.0000 -0.0000
vn -0.0000 -0.0000 1.0000
vn -0.0000 1.0000 -0.0000
vn -0.0000 -0.0000 -1.0000
vn 1.0000 -0.0000 -0.0000
vt 0.126109 0.700000
vt 0.126109 0.750000
vt 0.125000 0.700000
vt 0.604545 0.998891
vt 0.625000 0.998891
vt 0.604545 1.000000
vt 0.126109 0.550000
vt 0.125000 0.550000
vt 0.126109 0.500000
vt 0.625000 0.234073
vt 0.604545 0.251109
vt 0.604545 0.212500
vt 0.373891 0.700000
vt 0.390341 0.700000
vt 0.384673 0.750555
vt 0.625555 0.725555
vt 0.604545 0.751109
vt 0.604545 0.712500
vt 0.373891 0.550000
vt 0.384673 0.499445
vt 0.390341 0.550000
vt 0.625555 0.537223
vt 0.604545 0.550000
vt 0.604545 0.499168
vt 0.395455 0.000000
vt 0.604545 0.000000
vt 0.604545 0.050000
vt 0.395455 0.050000
vt 0.625000 0.050000
vt 0.395455 0.251109
vt 0.395455 0.200000
vt 0.395455 0.998891
vt 0.873891 0.550000
vt 0.873891 0.700000
s 0
usemtl Shelf_warm_end_grain
f 361/511/391 362/512/391 363/513/391
f 364/514/392 365/515/392 366/516/392
f 367/517/393 368/518/393 369/519/393
f 370/520/394 371/521/394 372/522/394
f 373/523/395 374/524/395 375/525/395
f 376/526/396 377/527/396 378/528/396
f 379/529/397 380/530/397 381/531/397
f 382/532/398 383/533/398 384/534/398
f 367/517/399 361/511/399 363/513/399 368/518/399
f 362/535/400 364/536/400 366/537/400 363/538/400
f 365/539/401 370/520/401 372/522/401 366/537/401
f 371/521/402 369/540/402 368/541/402 372/522/402
f 379/529/403 367/517/403 369/519/403 380/530/403
f 370/520/404 382/532/404 384/534/404 371/521/404
f 383/533/405 381/531/405 380/530/405 384/534/405
f 373/523/406 379/529/406 381/531/406 374/524/406
f 382/532/407 376/526/407 378/528/407 383/533/407
f 377/527/408 375/525/408 374/524/408 378/528/408
f 361/511/409 373/523/409 375/525/409 362/512/409
f 376/526/410 365/515/410 364/514/410 377/527/410
f 367/517/411 379/529/411 373/523/411 361/511/411
f 363/538/412 366/537/412 372/522/412 368/541/412
f 375/525/413 377/527/413 364/514/413 362/542/413
f 382/532/414 370/543/414 365/544/414 376/526/414
f 369/540/415 371/521/415 384/534/415 380/530/415
f 381/531/416 383/533/416 378/528/416 374/524/416
o Shelf_steel_bearer
v -1.022194 0.100000 0.501569
v -1.022194 0.104000 0.505569
v -1.026194 0.104000 0.501569
v -1.022194 0.134000 0.505569
v -1.022194 0.138000 0.501569
v -1.026194 0.134000 0.501569
v -1.022194 0.100000 0.464569
v -1.026194 0.104000 0.464569
v -1.022194 0.104000 0.460569
v -1.022194 0.138000 0.464569
v -1.022194 0.134000 0.460569
v -1.026194 0.134000 0.464569
v 1.069806 0.100000 0.501569
v 1.073806 0.104000 0.501569
v 1.069806 0.104000 0.505569
v 1.069806 0.138000 0.501569
v 1.069806 0.134000 0.505569
v 1.073806 0.134000 0.501569
v 1.069806 0.100000 0.464569
v 1.069806 0.104000 0.460569
v 1.073806 0.104000 0.464569
v 1.069806 0.138000 0.464569
v 1.073806 0.134000 0.464569
v 1.069806 0.134000 0.460569
vn -0.5774 -0.5773 0.5774
vn -0.5774 0.5773 0.5774
vn -0.5774 -0.5773 -0.5774
vn -0.5774 0.5773 -0.5774
vn 0.5774 -0.5773 0.5774
vn 0.5774 0.5773 0.5774
vn 0.5774 -0.5773 -0.5774
vn 0.5774 0.5773 -0.5774
vn -0.7071 -0.7071 -0.0000
vn -0.7071 -0.0000 0.7071
vn -0.7071 0.7071 -0.0000
vn -0.7071 -0.0000 -0.7071
vn -0.0000 -0.7071 -0.7071
vn -0.0000 0.7071 -0.7071
vn 0.7071 -0.0000 -0.7071
vn 0.7071 -0.7071 -0.0000
vn 0.7071 0.7071 -0.0000
vn 0.7071 -0.0000 0.7071
vn -0.0000 -0.7071 0.7071
vn -0.0000 0.7071 0.7071
vn -0.0000 -1.0000 -0.0000
vn -1.0000 -0.0000 -0.0000
vn -0.0000 -0.0000 1.0000
vn -0.0000 1.0000 -0.0000
vn -0.0000 -0.0000 -1.0000
vn 1.0000 -0.0000 -0.0000
vt 0.125476 0.727778
vt 0.125476 0.750000
vt 0.125000 0.727778
vt 0.598684 0.999524
vt 0.625000 0.999524
vt 0.598684 1.000000
vt 0.125476 0.522222
vt 0.125000 0.522222
vt 0.125476 0.500000
vt 0.625000 0.242910
vt 0.598684 0.250476
vt 0.598684 0.233333
vt 0.374524 0.727778
vt 0.394737 0.727778
vt 0.387920 0.750238
vt 0.625238 0.739127
vt 0.598684 0.750476
vt 0.598684 0.733333
vt 0.374524 0.522222
vt 0.387920 0.499762
vt 0.394737 0.522222
vt 0.625238 0.516548
vt 0.598684 0.522222
vt 0.598684 0.499643
vt 0.401316 0.000000
vt 0.598684 0.000000
vt 0.598684 0.022222
vt 0.401316 0.022222
vt 0.625000 0.022222
vt 0.401316 0.250476
vt 0.401316 0.227778
vt 0.401316 0.999524
vt 0.874524 0.522222
vt 0.874524 0.727778
s 0
usemtl Aged_dark_steel
f 385/545/417 386/546/417 387/547/417
f 388/548/418 389/549/418 390/550/418
f 391/551/419 392/552/419 393/553/419
f 394/554/420 395/555/420 396/556/420
f 397/557/421 398/558/421 399/559/421
f 400/560/422 401/561/422 402/562/422
f 403/563/423 404/564/423 405/565/423
f 406/566/424 407/567/424 408/568/424
f 391/551/425 385/545/425 387/547/425 392/552/425
f 386/569/426 388/570/426 390/571/426 387/572/426
f 389/573/427 394/554/427 396/556/427 390/571/427
f 395/555/428 393/574/428 392/575/428 396/556/428
f 403/563/429 391/551/429 393/553/429 404/564/429
f 394/554/430 406/566/430 408/568/430 395/555/430
f 407/567/431 405/565/431 404/564/431 408/568/431
f 397/557/432 403/563/432 405/565/432 398/558/432
f 406/566/433 400/560/433 402/562/433 407/567/433
f 401/561/434 399/559/434 398/558/434 402/562/434
f 385/545/435 397/557/435 399/559/435 386/546/435
f 400/560/436 389/549/436 388/548/436 401/561/436
f 391/551/437 403/563/437 397/557/437 385/545/437
f 387/572/438 390/571/438 396/556/438 392/575/438
f 399/559/439 401/561/439 388/548/439 386/576/439
f 406/566/440 394/577/440 389/578/440 400/560/440
f 393/574/441 395/555/441 408/568/441 404/564/441
f 405/565/442 407/567/442 402/562/442 398/558/442
o Shelf_steel_bearer.001
v -1.022194 0.100000 -0.418431
v -1.022194 0.104000 -0.414431
v -1.026194 0.104000 -0.418431
v -1.022194 0.134000 -0.414431
v -1.022194 0.138000 -0.418431
v -1.026194 0.134000 -0.418431
v -1.022194 0.100000 -0.455431
v -1.026194 0.104000 -0.455431
v -1.022194 0.104000 -0.459431
v -1.022194 0.138000 -0.455431
v -1.022194 0.134000 -0.459431
v -1.026194 0.134000 -0.455431
v 1.069806 0.100000 -0.418431
v 1.073806 0.104000 -0.418431
v 1.069806 0.104000 -0.414431
v 1.069806 0.138000 -0.418431
v 1.069806 0.134000 -0.414431
v 1.073806 0.134000 -0.418431
v 1.069806 0.100000 -0.455431
v 1.069806 0.104000 -0.459431
v 1.073806 0.104000 -0.455431
v 1.069806 0.138000 -0.455431
v 1.073806 0.134000 -0.455431
v 1.069806 0.134000 -0.459431
vn -0.5774 -0.5773 0.5774
vn -0.5774 0.5773 0.5774
vn -0.5774 -0.5773 -0.5774
vn -0.5774 0.5773 -0.5774
vn 0.5774 -0.5773 0.5774
vn 0.5774 0.5773 0.5774
vn 0.5774 -0.5773 -0.5774
vn 0.5774 0.5773 -0.5774
vn -0.7071 -0.7071 -0.0000
vn -0.7071 -0.0000 0.7071
vn -0.7071 0.7071 -0.0000
vn -0.7071 -0.0000 -0.7071
vn -0.0000 -0.7071 -0.7071
vn -0.0000 0.7071 -0.7071
vn 0.7071 -0.0000 -0.7071
vn 0.7071 -0.7071 -0.0000
vn 0.7071 0.7071 -0.0000
vn 0.7071 -0.0000 0.7071
vn -0.0000 -0.7071 0.7071
vn -0.0000 0.7071 0.7071
vn -0.0000 -1.0000 -0.0000
vn -1.0000 -0.0000 -0.0000
vn -0.0000 -0.0000 1.0000
vn -0.0000 1.0000 -0.0000
vn -0.0000 -0.0000 -1.0000
vn 1.0000 -0.0000 -0.0000
vt 0.125476 0.727778
vt 0.125476 0.750000
vt 0.125000 0.727778
vt 0.598684 0.999524
vt 0.625000 0.999524
vt 0.598684 1.000000
vt 0.125476 0.522222
vt 0.125000 0.522222
vt 0.125476 0.500000
vt 0.625000 0.242910
vt 0.598684 0.250476
vt 0.598684 0.233333
vt 0.374524 0.727778
vt 0.394737 0.727778
vt 0.387920 0.750238
vt 0.625238 0.739127
vt 0.598684 0.750476
vt 0.598684 0.733333
vt 0.374524 0.522222
vt 0.387920 0.499762
vt 0.394737 0.522222
vt 0.625238 0.516548
vt 0.598684 0.522222
vt 0.598684 0.499643
vt 0.401316 0.000000
vt 0.598684 0.000000
vt 0.598684 0.022222
vt 0.401316 0.022222
vt 0.625000 0.022222
vt 0.401316 0.250476
vt 0.401316 0.227778
vt 0.401316 0.999524
vt 0.874524 0.522222
vt 0.874524 0.727778
s 0
usemtl Aged_dark_steel
f 409/579/443 410/580/443 411/581/443
f 412/582/444 413/583/444 414/584/444
f 415/585/445 416/586/445 417/587/445
f 418/588/446 419/589/446 420/590/446
f 421/591/447 422/592/447 423/593/447
f 424/594/448 425/595/448 426/596/448
f 427/597/449 428/598/449 429/599/449
f 430/600/450 431/601/450 432/602/450
f 415/585/451 409/579/451 411/581/451 416/586/451
f 410/603/452 412/604/452 414/605/452 411/606/452
f 413/607/453 418/588/453 420/590/453 414/605/453
f 419/589/454 417/608/454 416/609/454 420/590/454
f 427/597/455 415/585/455 417/587/455 428/598/455
f 418/588/456 430/600/456 432/602/456 419/589/456
f 431/601/457 429/599/457 428/598/457 432/602/457
f 421/591/458 427/597/458 429/599/458 422/592/458
f 430/600/459 424/594/459 426/596/459 431/601/459
f 425/595/460 423/593/460 422/592/460 426/596/460
f 409/579/461 421/591/461 423/593/461 410/580/461
f 424/594/462 413/583/462 412/582/462 425/595/462
f 415/585/463 427/597/463 421/591/463 409/579/463
f 411/606/464 414/605/464 420/590/464 416/609/464
f 423/593/465 425/595/465 412/582/465 410/610/465
f 430/600/466 418/611/466 413/612/466 424/594/466
f 417/608/467 419/589/467 432/602/467 428/598/467
f 429/599/468 431/601/468 426/596/468 422/592/468
o Shelf_timber_slat.003
v -0.971694 0.817500 0.535069
v -0.971694 0.829500 0.547069
v -0.983694 0.829500 0.535069
v -0.971694 0.910500 0.547069
v -0.971694 0.922500 0.535069
v -0.983694 0.910500 0.535069
v -0.971694 0.817500 0.215069
v -0.983694 0.829500 0.215069
v -0.971694 0.829500 0.203069
v -0.971694 0.922500 0.215069
v -0.971694 0.910500 0.203069
v -0.983694 0.910500 0.215069
v 1.019306 0.817500 0.535069
v 1.031306 0.829500 0.535069
v 1.019306 0.829500 0.547069
v 1.019306 0.922500 0.535069
v 1.019306 0.910500 0.547069
v 1.031306 0.910500 0.535069
v 1.019306 0.817500 0.215069
v 1.019306 0.829500 0.203069
v 1.031306 0.829500 0.215069
v 1.019306 0.922500 0.215069
v 1.031306 0.910500 0.215069
v 1.019306 0.910500 0.203069
vn -0.5774 -0.5774 0.5773
vn -0.5774 0.5774 0.5773
vn -0.5774 -0.5774 -0.5773
vn -0.5774 0.5774 -0.5773
vn 0.5774 -0.5774 0.5773
vn 0.5774 0.5774 0.5773
vn 0.5774 -0.5774 -0.5773
vn 0.5774 0.5774 -0.5773
vn -0.7071 -0.7071 -0.0000
vn -0.7071 -0.0000 0.7071
vn -0.7071 0.7071 -0.0000
vn -0.7071 -0.0000 -0.7071
vn -0.0000 -0.7071 -0.7071
vn -0.0000 0.7071 -0.7071
vn 0.7071 -0.0000 -0.7071
vn 0.7071 -0.7071 -0.0000
vn 0.7071 0.7071 -0.0000
vn 0.7071 -0.0000 0.7071
vn -0.0000 -0.7071 0.7071
vn -0.0000 0.7071 0.7071
vn -0.0000 -1.0000 -0.0000
vn -1.0000 -0.0000 -0.0000
vn -0.0000 -0.0000 1.0000
vn -0.0000 1.0000 -0.0000
vn -0.0000 -0.0000 -1.0000
vn 1.0000 -0.0000 -0.0000
vt 0.126489 0.741279
vt 0.126489 0.750000
vt 0.125000 0.741279
vt 0.596429 0.998511
vt 0.625000 0.998511
vt 0.596429 1.000000
vt 0.126489 0.508721
vt 0.125000 0.508721
vt 0.126489 0.500000
vt 0.625000 0.248086
vt 0.596429 0.251489
vt 0.596429 0.243459
vt 0.373511 0.741279
vt 0.396429 0.741279
vt 0.388541 0.750744
vt 0.625744 0.746384
vt 0.596429 0.751489
vt 0.596429 0.743459
vt 0.373511 0.508721
vt 0.388541 0.499256
vt 0.396429 0.508721
vt 0.625744 0.506168
vt 0.596429 0.508721
vt 0.596429 0.498883
vt 0.403571 0.000000
vt 0.596429 0.000000
vt 0.596429 0.008721
vt 0.403571 0.008721
vt 0.625000 0.008721
vt 0.403571 0.251489
vt 0.403571 0.241279
vt 0.403571 0.998511
vt 0.873511 0.508721
vt 0.873511 0.741279
s 0
usemtl Shelf_amber_wood
f 433/613/469 434/614/469 435/615/469
f 436/616/470 437/617/470 438/618/470
f 439/619/471 440/620/471 441/621/471
f 442/622/472 443/623/472 444/624/472
f 445/625/473 446/626/473 447/627/473
f 448/628/474 449/629/474 450/630/474
f 451/631/475 452/632/475 453/633/475
f 454/634/476 455/635/476 456/636/476
f 439/619/477 433/613/477 435/615/477 440/620/477
f 434/637/478 436/638/478 438/639/478 435/640/478
f 437/641/479 442/622/479 444/624/479 438/639/479
f 443/623/480 441/642/480 440/643/480 444/624/480
f 451/631/481 439/619/481 441/621/481 452/632/481
f 442/622/482 454/634/482 456/636/482 443/623/482
f 455/635/483 453/633/483 452/632/483 456/636/483
f 445/625/484 451/631/484 453/633/484 446/626/484
f 454/634/485 448/628/485 450/630/485 455/635/485
f 449/629/486 447/627/486 446/626/486 450/630/486
f 433/613/487 445/625/487 447/627/487 434/614/487
f 448/628/488 437/617/488 436/616/488 449/629/488
f 439/619/489 451/631/489 445/625/489 433/613/489
f 435/640/490 438/639/490 444/624/490 440/643/490
f 447/627/491 449/629/491 436/616/491 434/644/491
f 454/634/492 442/645/492 437/646/492 448/628/492
f 441/642/493 443/623/493 456/636/493 452/632/493
f 453/633/494 455/635/494 450/630/494 446/626/494
o Shelf_timber_slat.004
v -0.971694 0.817500 0.183069
v -0.971694 0.829500 0.195069
v -0.983694 0.829500 0.183069
v -0.971694 0.910500 0.195069
v -0.971694 0.922500 0.183069
v -0.983694 0.910500 0.183069
v -0.971694 0.817500 -0.136931
v -0.983694 0.829500 -0.136931
v -0.971694 0.829500 -0.148931
v -0.971694 0.922500 -0.136931
v -0.971694 0.910500 -0.148931
v -0.983694 0.910500 -0.136931
v 1.019306 0.817500 0.183069
v 1.031306 0.829500 0.183069
v 1.019306 0.829500 0.195069
v 1.019306 0.922500 0.183069
v 1.019306 0.910500 0.195069
v 1.031306 0.910500 0.183069
v 1.019306 0.817500 -0.136931
v 1.019306 0.829500 -0.148931
v 1.031306 0.829500 -0.136931
v 1.019306 0.922500 -0.136931
v 1.031306 0.910500 -0.136931
v 1.019306 0.910500 -0.148931
vn -0.5774 -0.5774 0.5773
vn -0.5774 0.5774 0.5773
vn -0.5774 -0.5774 -0.5773
vn -0.5774 0.5774 -0.5773
vn 0.5774 -0.5774 0.5773
vn 0.5774 0.5774 0.5773
vn 0.5774 -0.5774 -0.5773
vn 0.5774 0.5774 -0.5773
vn -0.7071 -0.7071 -0.0000
vn -0.7071 -0.0000 0.7071
vn -0.7071 0.7071 -0.0000
vn -0.7071 -0.0000 -0.7071
vn -0.0000 -0.7071 -0.7071
vn -0.0000 0.7071 -0.7071
vn 0.7071 -0.0000 -0.7071
vn 0.7071 -0.7071 -0.0000
vn 0.7071 0.7071 -0.0000
vn 0.7071 -0.0000 0.7071
vn -0.0000 -0.7071 0.7071
vn -0.0000 0.7071 0.7071
vn -0.0000 -1.0000 -0.0000
vn -1.0000 -0.0000 -0.0000
vn -0.0000 -0.0000 1.0000
vn -0.0000 1.0000 -0.0000
vn -0.0000 -0.0000 -1.0000
vn 1.0000 -0.0000 -0.0000
vt 0.126489 0.741279
vt 0.126489 0.750000
vt 0.125000 0.741279
vt 0.596429 0.998511
vt 0.625000 0.998511
vt 0.596429 1.000000
vt 0.126489 0.508721
vt 0.125000 0.508721
vt 0.126489 0.500000
vt 0.625000 0.248086
vt 0.596429 0.251489
vt 0.596429 0.243459
vt 0.373511 0.741279
vt 0.396429 0.741279
vt 0.388541 0.750744
vt 0.625744 0.746384
vt 0.596429 0.751489
vt 0.596429 0.743459
vt 0.373511 0.508721
vt 0.388541 0.499256
vt 0.396429 0.508721
vt 0.625744 0.506168
vt 0.596429 0.508721
vt 0.596429 0.498883
vt 0.403571 0.000000
vt 0.596429 0.000000
vt 0.596429 0.008721
vt 0.403571 0.008721
vt 0.625000 0.008721
vt 0.403571 0.251489
vt 0.403571 0.241279
vt 0.403571 0.998511
vt 0.873511 0.508721
vt 0.873511 0.741279
s 0
usemtl Shelf_amber_wood
f 457/647/495 458/648/495 459/649/495
f 460/650/496 461/651/496 462/652/496
f 463/653/497 464/654/497 465/655/497
f 466/656/498 467/657/498 468/658/498
f 469/659/499 470/660/499 471/661/499
f 472/662/500 473/663/500 474/664/500
f 475/665/501 476/666/501 477/667/501
f 478/668/502 479/669/502 480/670/502
f 463/653/503 457/647/503 459/649/503 464/654/503
f 458/671/504 460/672/504 462/673/504 459/674/504
f 461/675/505 466/656/505 468/658/505 462/673/505
f 467/657/506 465/676/506 464/677/506 468/658/506
f 475/665/507 463/653/507 465/655/507 476/666/507
f 466/656/508 478/668/508 480/670/508 467/657/508
f 479/669/509 477/667/509 476/666/509 480/670/509
f 469/659/510 475/665/510 477/667/510 470/660/510
f 478/668/511 472/662/511 474/664/511 479/669/511
f 473/663/512 471/661/512 470/660/512 474/664/512
f 457/647/513 469/659/513 471/661/513 458/648/513
f 472/662/514 461/651/514 460/650/514 473/663/514
f 463/653/515 475/665/515 469/659/515 457/647/515
f 459/674/516 462/673/516 468/658/516 464/677/516
f 471/661/517 473/663/517 460/650/517 458/678/517
f 478/668/518 466/679/518 461/680/518 472/662/518
f 465/676/519 467/657/519 480/670/519 476/666/519
f 477/667/520 479/669/520 474/664/520 470/660/520
o Shelf_timber_slat.005
v -0.971694 0.817500 -0.168931
v -0.971694 0.829500 -0.156931
v -0.983694 0.829500 -0.168931
v -0.971694 0.910500 -0.156931
v -0.971694 0.922500 -0.168931
v -0.983694 0.910500 -0.168931
v -0.971694 0.817500 -0.488931
v -0.983694 0.829500 -0.488931
v -0.971694 0.829500 -0.500931
v -0.971694 0.922500 -0.488931
v -0.971694 0.910500 -0.500931
v -0.983694 0.910500 -0.488931
v 1.019306 0.817500 -0.168931
v 1.031306 0.829500 -0.168931
v 1.019306 0.829500 -0.156931
v 1.019306 0.922500 -0.168931
v 1.019306 0.910500 -0.156931
v 1.031306 0.910500 -0.168931
v 1.019306 0.817500 -0.488931
v 1.019306 0.829500 -0.500931
v 1.031306 0.829500 -0.488931
v 1.019306 0.922500 -0.488931
v 1.031306 0.910500 -0.488931
v 1.019306 0.910500 -0.500931
vn -0.5774 -0.5774 0.5773
vn -0.5774 0.5774 0.5773
vn -0.5774 -0.5774 -0.5773
vn -0.5774 0.5774 -0.5773
vn 0.5774 -0.5774 0.5773
vn 0.5774 0.5774 0.5773
vn 0.5774 -0.5774 -0.5773
vn 0.5774 0.5774 -0.5773
vn -0.7071 -0.7071 -0.0000
vn -0.7071 -0.0000 0.7071
vn -0.7071 0.7071 -0.0000
vn -0.7071 -0.0000 -0.7071
vn -0.0000 -0.7071 -0.7071
vn -0.0000 0.7071 -0.7071
vn 0.7071 -0.0000 -0.7071
vn 0.7071 -0.7071 -0.0000
vn 0.7071 0.7071 -0.0000
vn 0.7071 -0.0000 0.7071
vn -0.0000 -0.7071 0.7071
vn -0.0000 0.7071 0.7071
vn -0.0000 -1.0000 -0.0000
vn -1.0000 -0.0000 -0.0000
vn -0.0000 -0.0000 1.0000
vn -0.0000 1.0000 -0.0000
vn -0.0000 -0.0000 -1.0000
vn 1.0000 -0.0000 -0.0000
vt 0.126489 0.741279
vt 0.126489 0.750000
vt 0.125000 0.741279
vt 0.596429 0.998511
vt 0.625000 0.998511
vt 0.596429 1.000000
vt 0.126489 0.508721
vt 0.125000 0.508721
vt 0.126489 0.500000
vt 0.625000 0.248086
vt 0.596429 0.251489
vt 0.596429 0.243459
vt 0.373511 0.741279
vt 0.396429 0.741279
vt 0.388541 0.750744
vt 0.625744 0.746384
vt 0.596429 0.751489
vt 0.596429 0.743459
vt 0.373511 0.508721
vt 0.388541 0.499256
vt 0.396429 0.508721
vt 0.625744 0.506168
vt 0.596429 0.508721
vt 0.596429 0.498883
vt 0.403571 0.000000
vt 0.596429 0.000000
vt 0.596429 0.008721
vt 0.403571 0.008721
vt 0.625000 0.008721
vt 0.403571 0.251489
vt 0.403571 0.241279
vt 0.403571 0.998511
vt 0.873511 0.508721
vt 0.873511 0.741279
s 0
usemtl Shelf_amber_wood
f 481/681/521 482/682/521 483/683/521
f 484/684/522 485/685/522 486/686/522
f 487/687/523 488/688/523 489/689/523
f 490/690/524 491/691/524 492/692/524
f 493/693/525 494/694/525 495/695/525
f 496/696/526 497/697/526 498/698/526
f 499/699/527 500/700/527 501/701/527
f 502/702/528 503/703/528 504/704/528
f 487/687/529 481/681/529 483/683/529 488/688/529
f 482/705/530 484/706/530 486/707/530 483/708/530
f 485/709/531 490/690/531 492/692/531 486/707/531
f 491/691/532 489/710/532 488/711/532 492/692/532
f 499/699/533 487/687/533 489/689/533 500/700/533
f 490/690/534 502/702/534 504/704/534 491/691/534
f 503/703/535 501/701/535 500/700/535 504/704/535
f 493/693/536 499/699/536 501/701/536 494/694/536
f 502/702/537 496/696/537 498/698/537 503/703/537
f 497/697/538 495/695/538 494/694/538 498/698/538
f 481/681/539 493/693/539 495/695/539 482/682/539
f 496/696/540 485/685/540 484/684/540 497/697/540
f 487/687/541 499/699/541 493/693/541 481/681/541
f 483/708/542 486/707/542 492/692/542 488/711/542
f 495/695/543 497/697/543 484/684/543 482/712/543
f 502/702/544 490/713/544 485/714/544 496/696/544
f 489/710/545 491/691/545 504/704/545 500/700/545
f 501/701/546 503/703/546 498/698/546 494/694/546
o Shelf_amber_front_edge.001
v -0.981194 0.815000 0.571569
v -0.981194 0.824000 0.580569
v -0.990194 0.824000 0.571569
v -0.981194 0.916000 0.580569
v -0.981194 0.925000 0.571569
v -0.990194 0.916000 0.571569
v -0.981194 0.815000 0.544569
v -0.990194 0.824000 0.544569
v -0.981194 0.824000 0.535569
v -0.981194 0.925000 0.544569
v -0.981194 0.916000 0.535569
v -0.990194 0.916000 0.544569
v 1.028806 0.815000 0.571569
v 1.037806 0.824000 0.571569
v 1.028806 0.824000 0.580569
v 1.028806 0.925000 0.571569
v 1.028806 0.916000 0.580569
v 1.037806 0.916000 0.571569
v 1.028806 0.815000 0.544569
v 1.028806 0.824000 0.535569
v 1.037806 0.824000 0.544569
v 1.028806 0.925000 0.544569
v 1.037806 0.916000 0.544569
v 1.028806 0.916000 0.535569
vn -0.5774 -0.5774 0.5773
vn -0.5774 0.5774 0.5773
vn -0.5774 -0.5774 -0.5773
vn -0.5774 0.5774 -0.5773
vn 0.5774 -0.5774 0.5773
vn 0.5774 0.5774 0.5773
vn 0.5774 -0.5774 -0.5773
vn 0.5774 0.5774 -0.5773
vn -0.7071 -0.7071 -0.0000
vn -0.7071 -0.0000 0.7071
vn -0.7071 0.7071 -0.0000
vn -0.7071 -0.0000 -0.7071
vn -0.0000 -0.7071 -0.7071
vn -0.0000 0.7071 -0.7071
vn 0.7071 -0.0000 -0.7071
vn 0.7071 -0.7071 -0.0000
vn 0.7071 0.7071 -0.0000
vn 0.7071 -0.0000 0.7071
vn -0.0000 -0.7071 0.7071
vn -0.0000 0.7071 0.7071
vn -0.0000 -1.0000 -0.0000
vn -1.0000 -0.0000 -0.0000
vn -0.0000 -0.0000 1.0000
vn -0.0000 1.0000 -0.0000
vn -0.0000 -0.0000 -1.0000
vn 1.0000 -0.0000 -0.0000
vt 0.126109 0.700000
vt 0.126109 0.750000
vt 0.125000 0.700000
vt 0.604545 0.998891
vt 0.625000 0.998891
vt 0.604545 1.000000
vt 0.126109 0.550000
vt 0.125000 0.550000
vt 0.126109 0.500000
vt 0.625000 0.234073
vt 0.604545 0.251109
vt 0.604545 0.212500
vt 0.373891 0.700000
vt 0.390341 0.700000
vt 0.384673 0.750555
vt 0.625555 0.725555
vt 0.604545 0.751109
vt 0.604545 0.712500
vt 0.373891 0.550000
vt 0.384673 0.499445
vt 0.390341 0.550000
vt 0.625555 0.537223
vt 0.604545 0.550000
vt 0.604545 0.499168
vt 0.395455 0.000000
vt 0.604545 0.000000
vt 0.604545 0.050000
vt 0.395455 0.050000
vt 0.625000 0.050000
vt 0.395455 0.251109
vt 0.395455 0.200000
vt 0.395455 0.998891
vt 0.873891 0.550000
vt 0.873891 0.700000
s 0
usemtl Shelf_warm_end_grain
f 505/715/547 506/716/547 507/717/547
f 508/718/548 509/719/548 510/720/548
f 511/721/549 512/722/549 513/723/549
f 514/724/550 515/725/550 516/726/550
f 517/727/551 518/728/551 519/729/551
f 520/730/552 521/731/552 522/732/552
f 523/733/553 524/734/553 525/735/553
f 526/736/554 527/737/554 528/738/554
f 511/721/555 505/715/555 507/717/555 512/722/555
f 506/739/556 508/740/556 510/741/556 507/742/556
f 509/743/557 514/724/557 516/726/557 510/741/557
f 515/725/558 513/744/558 512/745/558 516/726/558
f 523/733/559 511/721/559 513/723/559 524/734/559
f 514/724/560 526/736/560 528/738/560 515/725/560
f 527/737/561 525/735/561 524/734/561 528/738/561
f 517/727/562 523/733/562 525/735/562 518/728/562
f 526/736/563 520/730/563 522/732/563 527/737/563
f 521/731/564 519/729/564 518/728/564 522/732/564
f 505/715/565 517/727/565 519/729/565 506/716/565
f 520/730/566 509/719/566 508/718/566 521/731/566
f 511/721/567 523/733/567 517/727/567 505/715/567
f 507/742/568 510/741/568 516/726/568 512/745/568
f 519/729/569 521/731/569 508/718/569 506/746/569
f 526/736/570 514/747/570 509/748/570 520/730/570
f 513/744/571 515/725/571 528/738/571 524/734/571
f 525/735/572 527/737/572 522/732/572 518/728/572
o Shelf_steel_bearer.002
v -1.022194 0.780000 0.501569
v -1.022194 0.784000 0.505569
v -1.026194 0.784000 0.501569
v -1.022194 0.814000 0.505569
v -1.022194 0.818000 0.501569
v -1.026194 0.814000 0.501569
v -1.022194 0.780000 0.464569
v -1.026194 0.784000 0.464569
v -1.022194 0.784000 0.460569
v -1.022194 0.818000 0.464569
v -1.022194 0.814000 0.460569
v -1.026194 0.814000 0.464569
v 1.069806 0.780000 0.501569
v 1.073806 0.784000 0.501569
v 1.069806 0.784000 0.505569
v 1.069806 0.818000 0.501569
v 1.069806 0.814000 0.505569
v 1.073806 0.814000 0.501569
v 1.069806 0.780000 0.464569
v 1.069806 0.784000 0.460569
v 1.073806 0.784000 0.464569
v 1.069806 0.818000 0.464569
v 1.073806 0.814000 0.464569
v 1.069806 0.814000 0.460569
vn -0.5774 -0.5773 0.5774
vn -0.5774 0.5773 0.5774
vn -0.5774 -0.5773 -0.5774
vn -0.5774 0.5773 -0.5774
vn 0.5774 -0.5773 0.5774
vn 0.5774 0.5773 0.5774
vn 0.5774 -0.5773 -0.5774
vn 0.5774 0.5773 -0.5774
vn -0.7071 -0.7071 -0.0000
vn -0.7071 -0.0000 0.7071
vn -0.7071 0.7071 -0.0000
vn -0.7071 -0.0000 -0.7071
vn -0.0000 -0.7071 -0.7071
vn -0.0000 0.7071 -0.7071
vn 0.7071 -0.0000 -0.7071
vn 0.7071 -0.7071 -0.0000
vn 0.7071 0.7071 -0.0000
vn 0.7071 -0.0000 0.7071
vn -0.0000 -0.7071 0.7071
vn -0.0000 0.7071 0.7071
vn -0.0000 -1.0000 -0.0000
vn -1.0000 -0.0000 -0.0000
vn -0.0000 -0.0000 1.0000
vn -0.0000 1.0000 -0.0000
vn -0.0000 -0.0000 -1.0000
vn 1.0000 -0.0000 -0.0000
vt 0.125476 0.727778
vt 0.125476 0.750000
vt 0.125000 0.727778
vt 0.598684 0.999524
vt 0.625000 0.999524
vt 0.598684 1.000000
vt 0.125476 0.522222
vt 0.125000 0.522222
vt 0.125476 0.500000
vt 0.625000 0.242910
vt 0.598684 0.250476
vt 0.598684 0.233333
vt 0.374524 0.727778
vt 0.394737 0.727778
vt 0.387920 0.750238
vt 0.625238 0.739127
vt 0.598684 0.750476
vt 0.598684 0.733333
vt 0.374524 0.522222
vt 0.387920 0.499762
vt 0.394737 0.522222
vt 0.625238 0.516548
vt 0.598684 0.522222
vt 0.598684 0.499643
vt 0.401316 0.000000
vt 0.598684 0.000000
vt 0.598684 0.022222
vt 0.401316 0.022222
vt 0.625000 0.022222
vt 0.401316 0.250476
vt 0.401316 0.227778
vt 0.401316 0.999524
vt 0.874524 0.522222
vt 0.874524 0.727778
s 0
usemtl Aged_dark_steel
f 529/749/573 530/750/573 531/751/573
f 532/752/574 533/753/574 534/754/574
f 535/755/575 536/756/575 537/757/575
f 538/758/576 539/759/576 540/760/576
f 541/761/577 542/762/577 543/763/577
f 544/764/578 545/765/578 546/766/578
f 547/767/579 548/768/579 549/769/579
f 550/770/580 551/771/580 552/772/580
f 535/755/581 529/749/581 531/751/581 536/756/581
f 530/773/582 532/774/582 534/775/582 531/776/582
f 533/777/583 538/758/583 540/760/583 534/775/583
f 539/759/584 537/778/584 536/779/584 540/760/584
f 547/767/585 535/755/585 537/757/585 548/768/585
f 538/758/586 550/770/586 552/772/586 539/759/586
f 551/771/587 549/769/587 548/768/587 552/772/587
f 541/761/588 547/767/588 549/769/588 542/762/588
f 550/770/589 544/764/589 546/766/589 551/771/589
f 545/765/590 543/763/590 542/762/590 546/766/590
f 529/749/591 541/761/591 543/763/591 530/750/591
f 544/764/592 533/753/592 532/752/592 545/765/592
f 535/755/593 547/767/593 541/761/593 529/749/593
f 531/776/594 534/775/594 540/760/594 536/779/594
f 543/763/595 545/765/595 532/752/595 530/780/595
f 550/770/596 538/781/596 533/782/596 544/764/596
f 537/778/597 539/759/597 552/772/597 548/768/597
f 549/769/598 551/771/598 546/766/598 542/762/598
o Shelf_steel_bearer.003
v -1.022194 0.780000 -0.418431
v -1.022194 0.784000 -0.414431
v -1.026194 0.784000 -0.418431
v -1.022194 0.814000 -0.414431
v -1.022194 0.818000 -0.418431
v -1.026194 0.814000 -0.418431
v -1.022194 0.780000 -0.455431
v -1.026194 0.784000 -0.455431
v -1.022194 0.784000 -0.459431
v -1.022194 0.818000 -0.455431
v -1.022194 0.814000 -0.459431
v -1.026194 0.814000 -0.455431
v 1.069806 0.780000 -0.418431
v 1.073806 0.784000 -0.418431
v 1.069806 0.784000 -0.414431
v 1.069806 0.818000 -0.418431
v 1.069806 0.814000 -0.414431
v 1.073806 0.814000 -0.418431
v 1.069806 0.780000 -0.455431
v 1.069806 0.784000 -0.459431
v 1.073806 0.784000 -0.455431
v 1.069806 0.818000 -0.455431
v 1.073806 0.814000 -0.455431
v 1.069806 0.814000 -0.459431
vn -0.5774 -0.5773 0.5774
vn -0.5774 0.5773 0.5774
vn -0.5774 -0.5773 -0.5774
vn -0.5774 0.5773 -0.5774
vn 0.5774 -0.5773 0.5774
vn 0.5774 0.5773 0.5774
vn 0.5774 -0.5773 -0.5774
vn 0.5774 0.5773 -0.5774
vn -0.7071 -0.7071 -0.0000
vn -0.7071 -0.0000 0.7071
vn -0.7071 0.7071 -0.0000
vn -0.7071 -0.0000 -0.7071
vn -0.0000 -0.7071 -0.7071
vn -0.0000 0.7071 -0.7071
vn 0.7071 -0.0000 -0.7071
vn 0.7071 -0.7071 -0.0000
vn 0.7071 0.7071 -0.0000
vn 0.7071 -0.0000 0.7071
vn -0.0000 -0.7071 0.7071
vn -0.0000 0.7071 0.7071
vn -0.0000 -1.0000 -0.0000
vn -1.0000 -0.0000 -0.0000
vn -0.0000 -0.0000 1.0000
vn -0.0000 1.0000 -0.0000
vn -0.0000 -0.0000 -1.0000
vn 1.0000 -0.0000 -0.0000
vt 0.125476 0.727778
vt 0.125476 0.750000
vt 0.125000 0.727778
vt 0.598684 0.999524
vt 0.625000 0.999524
vt 0.598684 1.000000
vt 0.125476 0.522222
vt 0.125000 0.522222
vt 0.125476 0.500000
vt 0.625000 0.242910
vt 0.598684 0.250476
vt 0.598684 0.233333
vt 0.374524 0.727778
vt 0.394737 0.727778
vt 0.387920 0.750238
vt 0.625238 0.739127
vt 0.598684 0.750476
vt 0.598684 0.733333
vt 0.374524 0.522222
vt 0.387920 0.499762
vt 0.394737 0.522222
vt 0.625238 0.516548
vt 0.598684 0.522222
vt 0.598684 0.499643
vt 0.401316 0.000000
vt 0.598684 0.000000
vt 0.598684 0.022222
vt 0.401316 0.022222
vt 0.625000 0.022222
vt 0.401316 0.250476
vt 0.401316 0.227778
vt 0.401316 0.999524
vt 0.874524 0.522222
vt 0.874524 0.727778
s 0
usemtl Aged_dark_steel
f 553/783/599 554/784/599 555/785/599
f 556/786/600 557/787/600 558/788/600
f 559/789/601 560/790/601 561/791/601
f 562/792/602 563/793/602 564/794/602
f 565/795/603 566/796/603 567/797/603
f 568/798/604 569/799/604 570/800/604
f 571/801/605 572/802/605 573/803/605
f 574/804/606 575/805/606 576/806/606
f 559/789/607 553/783/607 555/785/607 560/790/607
f 554/807/608 556/808/608 558/809/608 555/810/608
f 557/811/609 562/792/609 564/794/609 558/809/609
f 563/793/610 561/812/610 560/813/610 564/794/610
f 571/801/611 559/789/611 561/791/611 572/802/611
f 562/792/612 574/804/612 576/806/612 563/793/612
f 575/805/613 573/803/613 572/802/613 576/806/613
f 565/795/614 571/801/614 573/803/614 566/796/614
f 574/804/615 568/798/615 570/800/615 575/805/615
f 569/799/616 567/797/616 566/796/616 570/800/616
f 553/783/617 565/795/617 567/797/617 554/784/617
f 568/798/618 557/787/618 556/786/618 569/799/618
f 559/789/619 571/801/619 565/795/619 553/783/619
f 555/810/620 558/809/620 564/794/620 560/813/620
f 567/797/621 569/799/621 556/786/621 554/814/621
f 574/804/622 562/815/622 557/816/622 568/798/622
f 561/812/623 563/793/623 576/806/623 572/802/623
f 573/803/624 575/805/624 570/800/624 566/796/624
o Shelf_timber_slat.006
v -0.971694 1.597500 0.535069
v -0.971694 1.609500 0.547069
v -0.983694 1.609500 0.535069
v -0.971694 1.690500 0.547069
v -0.971694 1.702500 0.535069
v -0.983694 1.690500 0.535069
v -0.971694 1.597500 0.215069
v -0.983694 1.609500 0.215069
v -0.971694 1.609500 0.203069
v -0.971694 1.702500 0.215069
v -0.971694 1.690500 0.203069
v -0.983694 1.690500 0.215069
v 1.019306 1.597500 0.535069
v 1.031306 1.609500 0.535069
v 1.019306 1.609500 0.547069
v 1.019306 1.702500 0.535069
v 1.019306 1.690500 0.547069
v 1.031306 1.690500 0.535069
v 1.019306 1.597500 0.215069
v 1.019306 1.609500 0.203069
v 1.031306 1.609500 0.215069
v 1.019306 1.702500 0.215069
v 1.031306 1.690500 0.215069
v 1.019306 1.690500 0.203069
vn -0.5774 -0.5774 0.5773
vn -0.5774 0.5774 0.5773
vn -0.5774 -0.5774 -0.5773
vn -0.5774 0.5774 -0.5773
vn 0.5774 -0.5774 0.5773
vn 0.5774 0.5774 0.5773
vn 0.5774 -0.5774 -0.5773
vn 0.5774 0.5774 -0.5773
vn -0.7071 -0.7071 -0.0000
vn -0.7071 -0.0000 0.7071
vn -0.7071 0.7071 -0.0000
vn -0.7071 -0.0000 -0.7071
vn -0.0000 -0.7071 -0.7071
vn -0.0000 0.7071 -0.7071
vn 0.7071 -0.0000 -0.7071
vn 0.7071 -0.7071 -0.0000
vn 0.7071 0.7071 -0.0000
vn 0.7071 -0.0000 0.7071
vn -0.0000 -0.7071 0.7071
vn -0.0000 0.7071 0.7071
vn -0.0000 -1.0000 -0.0000
vn -1.0000 -0.0000 -0.0000
vn -0.0000 -0.0000 1.0000
vn -0.0000 1.0000 -0.0000
vn -0.0000 -0.0000 -1.0000
vn 1.0000 -0.0000 -0.0000
vt 0.126489 0.741279
vt 0.126489 0.750000
vt 0.125000 0.741279
vt 0.596429 0.998511
vt 0.625000 0.998511
vt 0.596429 1.000000
vt 0.126489 0.508721
vt 0.125000 0.508721
vt 0.126489 0.500000
vt 0.625000 0.248086
vt 0.596429 0.251489
vt 0.596429 0.243459
vt 0.373511 0.741279
vt 0.396429 0.741279
vt 0.388541 0.750744
vt 0.625744 0.746384
vt 0.596429 0.751489
vt 0.596429 0.743459
vt 0.373511 0.508721
vt 0.388541 0.499256
vt 0.396429 0.508721
vt 0.625744 0.506168
vt 0.596429 0.508721
vt 0.596429 0.498883
vt 0.403571 0.000000
vt 0.596429 0.000000
vt 0.596429 0.008721
vt 0.403571 0.008721
vt 0.625000 0.008721
vt 0.403571 0.251489
vt 0.403571 0.241279
vt 0.403571 0.998511
vt 0.873511 0.508721
vt 0.873511 0.741279
s 0
usemtl Shelf_amber_wood
f 577/817/625 578/818/625 579/819/625
f 580/820/626 581/821/626 582/822/626
f 583/823/627 584/824/627 585/825/627
f 586/826/628 587/827/628 588/828/628
f 589/829/629 590/830/629 591/831/629
f 592/832/630 593/833/630 594/834/630
f 595/835/631 596/836/631 597/837/631
f 598/838/632 599/839/632 600/840/632
f 583/823/633 577/817/633 579/819/633 584/824/633
f 578/841/634 580/842/634 582/843/634 579/844/634
f 581/845/635 586/826/635 588/828/635 582/843/635
f 587/827/636 585/846/636 584/847/636 588/828/636
f 595/835/637 583/823/637 585/825/637 596/836/637
f 586/826/638 598/838/638 600/840/638 587/827/638
f 599/839/639 597/837/639 596/836/639 600/840/639
f 589/829/640 595/835/640 597/837/640 590/830/640
f 598/838/641 592/832/641 594/834/641 599/839/641
f 593/833/642 591/831/642 590/830/642 594/834/642
f 577/817/643 589/829/643 591/831/643 578/818/643
f 592/832/644 581/821/644 580/820/644 593/833/644
f 583/823/645 595/835/645 589/829/645 577/817/645
f 579/844/646 582/843/646 588/828/646 584/847/646
f 591/831/647 593/833/647 580/820/647 578/848/647
f 598/838/648 586/849/648 581/850/648 592/832/648
f 585/846/649 587/827/649 600/840/649 596/836/649
f 597/837/650 599/839/650 594/834/650 590/830/650
o Shelf_timber_slat.007
v -0.971694 1.597500 0.183069
v -0.971694 1.609500 0.195069
v -0.983694 1.609500 0.183069
v -0.971694 1.690500 0.195069
v -0.971694 1.702500 0.183069
v -0.983694 1.690500 0.183069
v -0.971694 1.597500 -0.136931
v -0.983694 1.609500 -0.136931
v -0.971694 1.609500 -0.148931
v -0.971694 1.702500 -0.136931
v -0.971694 1.690500 -0.148931
v -0.983694 1.690500 -0.136931
v 1.019306 1.597500 0.183069
v 1.031306 1.609500 0.183069
v 1.019306 1.609500 0.195069
v 1.019306 1.702500 0.183069
v 1.019306 1.690500 0.195069
v 1.031306 1.690500 0.183069
v 1.019306 1.597500 -0.136931
v 1.019306 1.609500 -0.148931
v 1.031306 1.609500 -0.136931
v 1.019306 1.702500 -0.136931
v 1.031306 1.690500 -0.136931
v 1.019306 1.690500 -0.148931
vn -0.5774 -0.5774 0.5773
vn -0.5774 0.5774 0.5773
vn -0.5774 -0.5774 -0.5773
vn -0.5774 0.5774 -0.5773
vn 0.5774 -0.5774 0.5773
vn 0.5774 0.5774 0.5773
vn 0.5774 -0.5774 -0.5773
vn 0.5774 0.5774 -0.5773
vn -0.7071 -0.7071 -0.0000
vn -0.7071 -0.0000 0.7071
vn -0.7071 0.7071 -0.0000
vn -0.7071 -0.0000 -0.7071
vn -0.0000 -0.7071 -0.7071
vn -0.0000 0.7071 -0.7071
vn 0.7071 -0.0000 -0.7071
vn 0.7071 -0.7071 -0.0000
vn 0.7071 0.7071 -0.0000
vn 0.7071 -0.0000 0.7071
vn -0.0000 -0.7071 0.7071
vn -0.0000 0.7071 0.7071
vn -0.0000 -1.0000 -0.0000
vn -1.0000 -0.0000 -0.0000
vn -0.0000 -0.0000 1.0000
vn -0.0000 1.0000 -0.0000
vn -0.0000 -0.0000 -1.0000
vn 1.0000 -0.0000 -0.0000
vt 0.126489 0.741279
vt 0.126489 0.750000
vt 0.125000 0.741279
vt 0.596429 0.998511
vt 0.625000 0.998511
vt 0.596429 1.000000
vt 0.126489 0.508721
vt 0.125000 0.508721
vt 0.126489 0.500000
vt 0.625000 0.248086
vt 0.596429 0.251489
vt 0.596429 0.243459
vt 0.373511 0.741279
vt 0.396429 0.741279
vt 0.388541 0.750744
vt 0.625744 0.746384
vt 0.596429 0.751489
vt 0.596429 0.743459
vt 0.373511 0.508721
vt 0.388541 0.499256
vt 0.396429 0.508721
vt 0.625744 0.506168
vt 0.596429 0.508721
vt 0.596429 0.498883
vt 0.403571 0.000000
vt 0.596429 0.000000
vt 0.596429 0.008721
vt 0.403571 0.008721
vt 0.625000 0.008721
vt 0.403571 0.251489
vt 0.403571 0.241279
vt 0.403571 0.998511
vt 0.873511 0.508721
vt 0.873511 0.741279
s 0
usemtl Shelf_amber_wood
f 601/851/651 602/852/651 603/853/651
f 604/854/652 605/855/652 606/856/652
f 607/857/653 608/858/653 609/859/653
f 610/860/654 611/861/654 612/862/654
f 613/863/655 614/864/655 615/865/655
f 616/866/656 617/867/656 618/868/656
f 619/869/657 620/870/657 621/871/657
f 622/872/658 623/873/658 624/874/658
f 607/857/659 601/851/659 603/853/659 608/858/659
f 602/875/660 604/876/660 606/877/660 603/878/660
f 605/879/661 610/860/661 612/862/661 606/877/661
f 611/861/662 609/880/662 608/881/662 612/862/662
f 619/869/663 607/857/663 609/859/663 620/870/663
f 610/860/664 622/872/664 624/874/664 611/861/664
f 623/873/665 621/871/665 620/870/665 624/874/665
f 613/863/666 619/869/666 621/871/666 614/864/666
f 622/872/667 616/866/667 618/868/667 623/873/667
f 617/867/668 615/865/668 614/864/668 618/868/668
f 601/851/669 613/863/669 615/865/669 602/852/669
f 616/866/670 605/855/670 604/854/670 617/867/670
f 607/857/671 619/869/671 613/863/671 601/851/671
f 603/878/672 606/877/672 612/862/672 608/881/672
f 615/865/673 617/867/673 604/854/673 602/882/673
f 622/872/674 610/883/674 605/884/674 616/866/674
f 609/880/675 611/861/675 624/874/675 620/870/675
f 621/871/676 623/873/676 618/868/676 614/864/676
o Shelf_timber_slat.008
v -0.971694 1.597500 -0.168931
v -0.971694 1.609500 -0.156931
v -0.983694 1.609500 -0.168931
v -0.971694 1.690500 -0.156931
v -0.971694 1.702500 -0.168931
v -0.983694 1.690500 -0.168931
v -0.971694 1.597500 -0.488931
v -0.983694 1.609500 -0.488931
v -0.971694 1.609500 -0.500931
v -0.971694 1.702500 -0.488931
v -0.971694 1.690500 -0.500931
v -0.983694 1.690500 -0.488931
v 1.019306 1.597500 -0.168931
v 1.031306 1.609500 -0.168931
v 1.019306 1.609500 -0.156931
v 1.019306 1.702500 -0.168931
v 1.019306 1.690500 -0.156931
v 1.031306 1.690500 -0.168931
v 1.019306 1.597500 -0.488931
v 1.019306 1.609500 -0.500931
v 1.031306 1.609500 -0.488931
v 1.019306 1.702500 -0.488931
v 1.031306 1.690500 -0.488931
v 1.019306 1.690500 -0.500931
vn -0.5774 -0.5774 0.5773
vn -0.5774 0.5774 0.5773
vn -0.5774 -0.5774 -0.5773
vn -0.5774 0.5774 -0.5773
vn 0.5774 -0.5774 0.5773
vn 0.5774 0.5774 0.5773
vn 0.5774 -0.5774 -0.5773
vn 0.5774 0.5774 -0.5773
vn -0.7071 -0.7071 -0.0000
vn -0.7071 -0.0000 0.7071
vn -0.7071 0.7071 -0.0000
vn -0.7071 -0.0000 -0.7071
vn -0.0000 -0.7071 -0.7071
vn -0.0000 0.7071 -0.7071
vn 0.7071 -0.0000 -0.7071
vn 0.7071 -0.7071 -0.0000
vn 0.7071 0.7071 -0.0000
vn 0.7071 -0.0000 0.7071
vn -0.0000 -0.7071 0.7071
vn -0.0000 0.7071 0.7071
vn -0.0000 -1.0000 -0.0000
vn -1.0000 -0.0000 -0.0000
vn -0.0000 -0.0000 1.0000
vn -0.0000 1.0000 -0.0000
vn -0.0000 -0.0000 -1.0000
vn 1.0000 -0.0000 -0.0000
vt 0.126489 0.741279
vt 0.126489 0.750000
vt 0.125000 0.741279
vt 0.596429 0.998511
vt 0.625000 0.998511
vt 0.596429 1.000000
vt 0.126489 0.508721
vt 0.125000 0.508721
vt 0.126489 0.500000
vt 0.625000 0.248086
vt 0.596429 0.251489
vt 0.596429 0.243459
vt 0.373511 0.741279
vt 0.396429 0.741279
vt 0.388541 0.750744
vt 0.625744 0.746384
vt 0.596429 0.751489
vt 0.596429 0.743459
vt 0.373511 0.508721
vt 0.388541 0.499256
vt 0.396429 0.508721
vt 0.625744 0.506168
vt 0.596429 0.508721
vt 0.596429 0.498883
vt 0.403571 0.000000
vt 0.596429 0.000000
vt 0.596429 0.008721
vt 0.403571 0.008721
vt 0.625000 0.008721
vt 0.403571 0.251489
vt 0.403571 0.241279
vt 0.403571 0.998511
vt 0.873511 0.508721
vt 0.873511 0.741279
s 0
usemtl Shelf_amber_wood
f 625/885/677 626/886/677 627/887/677
f 628/888/678 629/889/678 630/890/678
f 631/891/679 632/892/679 633/893/679
f 634/894/680 635/895/680 636/896/680
f 637/897/681 638/898/681 639/899/681
f 640/900/682 641/901/682 642/902/682
f 643/903/683 644/904/683 645/905/683
f 646/906/684 647/907/684 648/908/684
f 631/891/685 625/885/685 627/887/685 632/892/685
f 626/909/686 628/910/686 630/911/686 627/912/686
f 629/913/687 634/894/687 636/896/687 630/911/687
f 635/895/688 633/914/688 632/915/688 636/896/688
f 643/903/689 631/891/689 633/893/689 644/904/689
f 634/894/690 646/906/690 648/908/690 635/895/690
f 647/907/691 645/905/691 644/904/691 648/908/691
f 637/897/692 643/903/692 645/905/692 638/898/692
f 646/906/693 640/900/693 642/902/693 647/907/693
f 641/901/694 639/899/694 638/898/694 642/902/694
f 625/885/695 637/897/695 639/899/695 626/886/695
f 640/900/696 629/889/696 628/888/696 641/901/696
f 631/891/697 643/903/697 637/897/697 625/885/697
f 627/912/698 630/911/698 636/896/698 632/915/698
f 639/899/699 641/901/699 628/888/699 626/916/699
f 646/906/700 634/917/700 629/918/700 640/900/700
f 633/914/701 635/895/701 648/908/701 644/904/701
f 645/905/702 647/907/702 642/902/702 638/898/702
o Shelf_amber_front_edge.002
v -0.981194 1.595000 0.571569
v -0.981194 1.604000 0.580569
v -0.990194 1.604000 0.571569
v -0.981194 1.696000 0.580569
v -0.981194 1.705000 0.571569
v -0.990194 1.696000 0.571569
v -0.981194 1.595000 0.544569
v -0.990194 1.604000 0.544569
v -0.981194 1.604000 0.535569
v -0.981194 1.705000 0.544569
v -0.981194 1.696000 0.535569
v -0.990194 1.696000 0.544569
v 1.028806 1.595000 0.571569
v 1.037806 1.604000 0.571569
v 1.028806 1.604000 0.580569
v 1.028806 1.705000 0.571569
v 1.028806 1.696000 0.580569
v 1.037806 1.696000 0.571569
v 1.028806 1.595000 0.544569
v 1.028806 1.604000 0.535569
v 1.037806 1.604000 0.544569
v 1.028806 1.705000 0.544569
v 1.037806 1.696000 0.544569
v 1.028806 1.696000 0.535569
vn -0.5774 -0.5774 0.5773
vn -0.5774 0.5774 0.5773
vn -0.5774 -0.5774 -0.5773
vn -0.5774 0.5774 -0.5773
vn 0.5774 -0.5774 0.5773
vn 0.5774 0.5774 0.5773
vn 0.5774 -0.5774 -0.5773
vn 0.5774 0.5774 -0.5773
vn -0.7071 -0.7071 -0.0000
vn -0.7071 -0.0000 0.7071
vn -0.7071 0.7071 -0.0000
vn -0.7071 -0.0000 -0.7071
vn -0.0000 -0.7071 -0.7071
vn -0.0000 0.7071 -0.7071
vn 0.7071 -0.0000 -0.7071
vn 0.7071 -0.7071 -0.0000
vn 0.7071 0.7071 -0.0000
vn 0.7071 -0.0000 0.7071
vn -0.0000 -0.7071 0.7071
vn -0.0000 0.7071 0.7071
vn -0.0000 -1.0000 -0.0000
vn -1.0000 -0.0000 -0.0000
vn -0.0000 -0.0000 1.0000
vn -0.0000 1.0000 -0.0000
vn -0.0000 -0.0000 -1.0000
vn 1.0000 -0.0000 -0.0000
vt 0.126109 0.700000
vt 0.126109 0.750000
vt 0.125000 0.700000
vt 0.604545 0.998891
vt 0.625000 0.998891
vt 0.604545 1.000000
vt 0.126109 0.550000
vt 0.125000 0.550000
vt 0.126109 0.500000
vt 0.625000 0.234073
vt 0.604545 0.251109
vt 0.604545 0.212500
vt 0.373891 0.700000
vt 0.390341 0.700000
vt 0.384673 0.750555
vt 0.625555 0.725555
vt 0.604545 0.751109
vt 0.604545 0.712500
vt 0.373891 0.550000
vt 0.384673 0.499445
vt 0.390341 0.550000
vt 0.625555 0.537223
vt 0.604545 0.550000
vt 0.604545 0.499168
vt 0.395455 0.000000
vt 0.604545 0.000000
vt 0.604545 0.050000
vt 0.395455 0.050000
vt 0.625000 0.050000
vt 0.395455 0.251109
vt 0.395455 0.200000
vt 0.395455 0.998891
vt 0.873891 0.550000
vt 0.873891 0.700000
s 0
usemtl Shelf_warm_end_grain
f 649/919/703 650/920/703 651/921/703
f 652/922/704 653/923/704 654/924/704
f 655/925/705 656/926/705 657/927/705
f 658/928/706 659/929/706 660/930/706
f 661/931/707 662/932/707 663/933/707
f 664/934/708 665/935/708 666/936/708
f 667/937/709 668/938/709 669/939/709
f 670/940/710 671/941/710 672/942/710
f 655/925/711 649/919/711 651/921/711 656/926/711
f 650/943/712 652/944/712 654/945/712 651/946/712
f 653/947/713 658/928/713 660/930/713 654/945/713
f 659/929/714 657/948/714 656/949/714 660/930/714
f 667/937/715 655/925/715 657/927/715 668/938/715
f 658/928/716 670/940/716 672/942/716 659/929/716
f 671/941/717 669/939/717 668/938/717 672/942/717
f 661/931/718 667/937/718 669/939/718 662/932/718
f 670/940/719 664/934/719 666/936/719 671/941/719
f 665/935/720 663/933/720 662/932/720 666/936/720
f 649/919/721 661/931/721 663/933/721 650/920/721
f 664/934/722 653/923/722 652/922/722 665/935/722
f 655/925/723 667/937/723 661/931/723 649/919/723
f 651/946/724 654/945/724 660/930/724 656/949/724
f 663/933/725 665/935/725 652/922/725 650/950/725
f 670/940/726 658/951/726 653/952/726 664/934/726
f 657/948/727 659/929/727 672/942/727 668/938/727
f 669/939/728 671/941/728 666/936/728 662/932/728
o Shelf_steel_bearer.004
v -1.022194 1.560000 0.501569
v -1.022194 1.564000 0.505569
v -1.026194 1.564000 0.501569
v -1.022194 1.594000 0.505569
v -1.022194 1.598000 0.501569
v -1.026194 1.594000 0.501569
v -1.022194 1.560000 0.464569
v -1.026194 1.564000 0.464569
v -1.022194 1.564000 0.460569
v -1.022194 1.598000 0.464569
v -1.022194 1.594000 0.460569
v -1.026194 1.594000 0.464569
v 1.069806 1.560000 0.501569
v 1.073806 1.564000 0.501569
v 1.069806 1.564000 0.505569
v 1.069806 1.598000 0.501569
v 1.069806 1.594000 0.505569
v 1.073806 1.594000 0.501569
v 1.069806 1.560000 0.464569
v 1.069806 1.564000 0.460569
v 1.073806 1.564000 0.464569
v 1.069806 1.598000 0.464569
v 1.073806 1.594000 0.464569
v 1.069806 1.594000 0.460569
vn -0.5774 -0.5773 0.5774
vn -0.5774 0.5773 0.5774
vn -0.5774 -0.5773 -0.5774
vn -0.5774 0.5773 -0.5774
vn 0.5774 -0.5773 0.5774
vn 0.5774 0.5773 0.5774
vn 0.5774 -0.5773 -0.5774
vn 0.5774 0.5773 -0.5774
vn -0.7071 -0.7071 -0.0000
vn -0.7071 -0.0000 0.7071
vn -0.7071 0.7071 -0.0000
vn -0.7071 -0.0000 -0.7071
vn -0.0000 -0.7071 -0.7071
vn -0.0000 0.7071 -0.7071
vn 0.7071 -0.0000 -0.7071
vn 0.7071 -0.7071 -0.0000
vn 0.7071 0.7071 -0.0000
vn 0.7071 -0.0000 0.7071
vn -0.0000 -0.7071 0.7071
vn -0.0000 0.7071 0.7071
vn -0.0000 -1.0000 -0.0000
vn -1.0000 -0.0000 -0.0000
vn -0.0000 -0.0000 1.0000
vn -0.0000 1.0000 -0.0000
vn -0.0000 -0.0000 -1.0000
vn 1.0000 -0.0000 -0.0000
vt 0.125476 0.727778
vt 0.125476 0.750000
vt 0.125000 0.727778
vt 0.598684 0.999524
vt 0.625000 0.999524
vt 0.598684 1.000000
vt 0.125476 0.522222
vt 0.125000 0.522222
vt 0.125476 0.500000
vt 0.625000 0.242910
vt 0.598684 0.250476
vt 0.598684 0.233333
vt 0.374524 0.727778
vt 0.394737 0.727778
vt 0.387920 0.750238
vt 0.625238 0.739127
vt 0.598684 0.750476
vt 0.598684 0.733333
vt 0.374524 0.522222
vt 0.387920 0.499762
vt 0.394737 0.522222
vt 0.625238 0.516548
vt 0.598684 0.522222
vt 0.598684 0.499643
vt 0.401316 0.000000
vt 0.598684 0.000000
vt 0.598684 0.022222
vt 0.401316 0.022222
vt 0.625000 0.022222
vt 0.401316 0.250476
vt 0.401316 0.227778
vt 0.401316 0.999524
vt 0.874524 0.522222
vt 0.874524 0.727778
s 0
usemtl Aged_dark_steel
f 673/953/729 674/954/729 675/955/729
f 676/956/730 677/957/730 678/958/730
f 679/959/731 680/960/731 681/961/731
f 682/962/732 683/963/732 684/964/732
f 685/965/733 686/966/733 687/967/733
f 688/968/734 689/969/734 690/970/734
f 691/971/735 692/972/735 693/973/735
f 694/974/736 695/975/736 696/976/736
f 679/959/737 673/953/737 675/955/737 680/960/737
f 674/977/738 676/978/738 678/979/738 675/980/738
f 677/981/739 682/962/739 684/964/739 678/979/739
f 683/963/740 681/982/740 680/983/740 684/964/740
f 691/971/741 679/959/741 681/961/741 692/972/741
f 682/962/742 694/974/742 696/976/742 683/963/742
f 695/975/743 693/973/743 692/972/743 696/976/743
f 685/965/744 691/971/744 693/973/744 686/966/744
f 694/974/745 688/968/745 690/970/745 695/975/745
f 689/969/746 687/967/746 686/966/746 690/970/746
f 673/953/747 685/965/747 687/967/747 674/954/747
f 688/968/748 677/957/748 676/956/748 689/969/748
f 679/959/749 691/971/749 685/965/749 673/953/749
f 675/980/750 678/979/750 684/964/750 680/983/750
f 687/967/751 689/969/751 676/956/751 674/984/751
f 694/974/752 682/985/752 677/986/752 688/968/752
f 681/982/753 683/963/753 696/976/753 692/972/753
f 693/973/754 695/975/754 690/970/754 686/966/754
o Shelf_steel_bearer.005
v -1.022194 1.560000 -0.418431
v -1.022194 1.564000 -0.414431
v -1.026194 1.564000 -0.418431
v -1.022194 1.594000 -0.414431
v -1.022194 1.598000 -0.418431
v -1.026194 1.594000 -0.418431
v -1.022194 1.560000 -0.455431
v -1.026194 1.564000 -0.455431
v -1.022194 1.564000 -0.459431
v -1.022194 1.598000 -0.455431
v -1.022194 1.594000 -0.459431
v -1.026194 1.594000 -0.455431
v 1.069806 1.560000 -0.418431
v 1.073806 1.564000 -0.418431
v 1.069806 1.564000 -0.414431
v 1.069806 1.598000 -0.418431
v 1.069806 1.594000 -0.414431
v 1.073806 1.594000 -0.418431
v 1.069806 1.560000 -0.455431
v 1.069806 1.564000 -0.459431
v 1.073806 1.564000 -0.455431
v 1.069806 1.598000 -0.455431
v 1.073806 1.594000 -0.455431
v 1.069806 1.594000 -0.459431
vn -0.5774 -0.5773 0.5774
vn -0.5774 0.5773 0.5774
vn -0.5774 -0.5773 -0.5774
vn -0.5774 0.5773 -0.5774
vn 0.5774 -0.5773 0.5774
vn 0.5774 0.5773 0.5774
vn 0.5774 -0.5773 -0.5774
vn 0.5774 0.5773 -0.5774
vn -0.7071 -0.7071 -0.0000
vn -0.7071 -0.0000 0.7071
vn -0.7071 0.7071 -0.0000
vn -0.7071 -0.0000 -0.7071
vn -0.0000 -0.7071 -0.7071
vn -0.0000 0.7071 -0.7071
vn 0.7071 -0.0000 -0.7071
vn 0.7071 -0.7071 -0.0000
vn 0.7071 0.7071 -0.0000
vn 0.7071 -0.0000 0.7071
vn -0.0000 -0.7071 0.7071
vn -0.0000 0.7071 0.7071
vn -0.0000 -1.0000 -0.0000
vn -1.0000 -0.0000 -0.0000
vn -0.0000 -0.0000 1.0000
vn -0.0000 1.0000 -0.0000
vn -0.0000 -0.0000 -1.0000
vn 1.0000 -0.0000 -0.0000
vt 0.125476 0.727778
vt 0.125476 0.750000
vt 0.125000 0.727778
vt 0.598684 0.999524
vt 0.625000 0.999524
vt 0.598684 1.000000
vt 0.125476 0.522222
vt 0.125000 0.522222
vt 0.125476 0.500000
vt 0.625000 0.242910
vt 0.598684 0.250476
vt 0.598684 0.233333
vt 0.374524 0.727778
vt 0.394737 0.727778
vt 0.387920 0.750238
vt 0.625238 0.739127
vt 0.598684 0.750476
vt 0.598684 0.733333
vt 0.374524 0.522222
vt 0.387920 0.499762
vt 0.394737 0.522222
vt 0.625238 0.516548
vt 0.598684 0.522222
vt 0.598684 0.499643
vt 0.401316 0.000000
vt 0.598684 0.000000
vt 0.598684 0.022222
vt 0.401316 0.022222
vt 0.625000 0.022222
vt 0.401316 0.250476
vt 0.401316 0.227778
vt 0.401316 0.999524
vt 0.874524 0.522222
vt 0.874524 0.727778
s 0
usemtl Aged_dark_steel
f 697/987/755 698/988/755 699/989/755
f 700/990/756 701/991/756 702/992/756
f 703/993/757 704/994/757 705/995/757
f 706/996/758 707/997/758 708/998/758
f 709/999/759 710/1000/759 711/1001/759
f 712/1002/760 713/1003/760 714/1004/760
f 715/1005/761 716/1006/761 717/1007/761
f 718/1008/762 719/1009/762 720/1010/762
f 703/993/763 697/987/763 699/989/763 704/994/763
f 698/1011/764 700/1012/764 702/1013/764 699/1014/764
f 701/1015/765 706/996/765 708/998/765 702/1013/765
f 707/997/766 705/1016/766 704/1017/766 708/998/766
f 715/1005/767 703/993/767 705/995/767 716/1006/767
f 706/996/768 718/1008/768 720/1010/768 707/997/768
f 719/1009/769 717/1007/769 716/1006/769 720/1010/769
f 709/999/770 715/1005/770 717/1007/770 710/1000/770
f 718/1008/771 712/1002/771 714/1004/771 719/1009/771
f 713/1003/772 711/1001/772 710/1000/772 714/1004/772
f 697/987/773 709/999/773 711/1001/773 698/988/773
f 712/1002/774 701/991/774 700/990/774 713/1003/774
f 703/993/775 715/1005/775 709/999/775 697/987/775
f 699/1014/776 702/1013/776 708/998/776 704/1017/776
f 711/1001/777 713/1003/777 700/990/777 698/1018/777
f 718/1008/778 706/1019/778 701/1020/778 712/1002/778
f 705/1016/779 707/997/779 720/1010/779 716/1006/779
f 717/1007/780 719/1009/780 714/1004/780 710/1000/780
o Shelf_timber_slat.009
v -0.971694 2.377500 0.535069
v -0.971694 2.389500 0.547069
v -0.983694 2.389500 0.535069
v -0.971694 2.470500 0.547069
v -0.971694 2.482500 0.535069
v -0.983694 2.470500 0.535069
v -0.971694 2.377500 0.215069
v -0.983694 2.389500 0.215069
v -0.971694 2.389500 0.203069
v -0.971694 2.482500 0.215069
v -0.971694 2.470500 0.203069
v -0.983694 2.470500 0.215069
v 1.019306 2.377500 0.535069
v 1.031306 2.389500 0.535069
v 1.019306 2.389500 0.547069
v 1.019306 2.482500 0.535069
v 1.019306 2.470500 0.547069
v 1.031306 2.470500 0.535069
v 1.019306 2.377500 0.215069
v 1.019306 2.389500 0.203069
v 1.031306 2.389500 0.215069
v 1.019306 2.482500 0.215069
v 1.031306 2.470500 0.215069
v 1.019306 2.470500 0.203069
vn -0.5774 -0.5774 0.5773
vn -0.5774 0.5774 0.5773
vn -0.5774 -0.5774 -0.5773
vn -0.5774 0.5774 -0.5773
vn 0.5774 -0.5774 0.5773
vn 0.5774 0.5774 0.5773
vn 0.5774 -0.5774 -0.5773
vn 0.5774 0.5774 -0.5773
vn -0.7071 -0.7071 -0.0000
vn -0.7071 -0.0000 0.7071
vn -0.7071 0.7071 -0.0000
vn -0.7071 -0.0000 -0.7071
vn -0.0000 -0.7071 -0.7071
vn -0.0000 0.7071 -0.7071
vn 0.7071 -0.0000 -0.7071
vn 0.7071 -0.7071 -0.0000
vn 0.7071 0.7071 -0.0000
vn 0.7071 -0.0000 0.7071
vn -0.0000 -0.7071 0.7071
vn -0.0000 0.7071 0.7071
vn -0.0000 -1.0000 -0.0000
vn -1.0000 -0.0000 -0.0000
vn -0.0000 -0.0000 1.0000
vn -0.0000 1.0000 -0.0000
vn -0.0000 -0.0000 -1.0000
vn 1.0000 -0.0000 -0.0000
vt 0.126489 0.741279
vt 0.126489 0.750000
vt 0.125000 0.741279
vt 0.596429 0.998511
vt 0.625000 0.998511
vt 0.596429 1.000000
vt 0.126489 0.508721
vt 0.125000 0.508721
vt 0.126489 0.500000
vt 0.625000 0.248086
vt 0.596429 0.251489
vt 0.596429 0.243459
vt 0.373511 0.741279
vt 0.396429 0.741279
vt 0.388541 0.750744
vt 0.625744 0.746384
vt 0.596429 0.751489
vt 0.596429 0.743459
vt 0.373511 0.508721
vt 0.388541 0.499256
vt 0.396429 0.508721
vt 0.625744 0.506168
vt 0.596429 0.508721
vt 0.596429 0.498883
vt 0.403571 0.000000
vt 0.596429 0.000000
vt 0.596429 0.008721
vt 0.403571 0.008721
vt 0.625000 0.008721
vt 0.403571 0.251489
vt 0.403571 0.241279
vt 0.403571 0.998511
vt 0.873511 0.508721
vt 0.873511 0.741279
s 0
usemtl Shelf_amber_wood
f 721/1021/781 722/1022/781 723/1023/781
f 724/1024/782 725/1025/782 726/1026/782
f 727/1027/783 728/1028/783 729/1029/783
f 730/1030/784 731/1031/784 732/1032/784
f 733/1033/785 734/1034/785 735/1035/785
f 736/1036/786 737/1037/786 738/1038/786
f 739/1039/787 740/1040/787 741/1041/787
f 742/1042/788 743/1043/788 744/1044/788
f 727/1027/789 721/1021/789 723/1023/789 728/1028/789
f 722/1045/790 724/1046/790 726/1047/790 723/1048/790
f 725/1049/791 730/1030/791 732/1032/791 726/1047/791
f 731/1031/792 729/1050/792 728/1051/792 732/1032/792
f 739/1039/793 727/1027/793 729/1029/793 740/1040/793
f 730/1030/794 742/1042/794 744/1044/794 731/1031/794
f 743/1043/795 741/1041/795 740/1040/795 744/1044/795
f 733/1033/796 739/1039/796 741/1041/796 734/1034/796
f 742/1042/797 736/1036/797 738/1038/797 743/1043/797
f 737/1037/798 735/1035/798 734/1034/798 738/1038/798
f 721/1021/799 733/1033/799 735/1035/799 722/1022/799
f 736/1036/800 725/1025/800 724/1024/800 737/1037/800
f 727/1027/801 739/1039/801 733/1033/801 721/1021/801
f 723/1048/802 726/1047/802 732/1032/802 728/1051/802
f 735/1035/803 737/1037/803 724/1024/803 722/1052/803
f 742/1042/804 730/1053/804 725/1054/804 736/1036/804
f 729/1050/805 731/1031/805 744/1044/805 740/1040/805
f 741/1041/806 743/1043/806 738/1038/806 734/1034/806
o Shelf_timber_slat.010
v -0.971694 2.377500 0.183069
v -0.971694 2.389500 0.195069
v -0.983694 2.389500 0.183069
v -0.971694 2.470500 0.195069
v -0.971694 2.482500 0.183069
v -0.983694 2.470500 0.183069
v -0.971694 2.377500 -0.136931
v -0.983694 2.389500 -0.136931
v -0.971694 2.389500 -0.148931
v -0.971694 2.482500 -0.136931
v -0.971694 2.470500 -0.148931
v -0.983694 2.470500 -0.136931
v 1.019306 2.377500 0.183069
v 1.031306 2.389500 0.183069
v 1.019306 2.389500 0.195069
v 1.019306 2.482500 0.183069
v 1.019306 2.470500 0.195069
v 1.031306 2.470500 0.183069
v 1.019306 2.377500 -0.136931
v 1.019306 2.389500 -0.148931
v 1.031306 2.389500 -0.136931
v 1.019306 2.482500 -0.136931
v 1.031306 2.470500 -0.136931
v 1.019306 2.470500 -0.148931
vn -0.5774 -0.5774 0.5773
vn -0.5774 0.5774 0.5773
vn -0.5774 -0.5774 -0.5773
vn -0.5774 0.5774 -0.5773
vn 0.5774 -0.5774 0.5773
vn 0.5774 0.5774 0.5773
vn 0.5774 -0.5774 -0.5773
vn 0.5774 0.5774 -0.5773
vn -0.7071 -0.7071 -0.0000
vn -0.7071 -0.0000 0.7071
vn -0.7071 0.7071 -0.0000
vn -0.7071 -0.0000 -0.7071
vn -0.0000 -0.7071 -0.7071
vn -0.0000 0.7071 -0.7071
vn 0.7071 -0.0000 -0.7071
vn 0.7071 -0.7071 -0.0000
vn 0.7071 0.7071 -0.0000
vn 0.7071 -0.0000 0.7071
vn -0.0000 -0.7071 0.7071
vn -0.0000 0.7071 0.7071
vn -0.0000 -1.0000 -0.0000
vn -1.0000 -0.0000 -0.0000
vn -0.0000 -0.0000 1.0000
vn -0.0000 1.0000 -0.0000
vn -0.0000 -0.0000 -1.0000
vn 1.0000 -0.0000 -0.0000
vt 0.126489 0.741279
vt 0.126489 0.750000
vt 0.125000 0.741279
vt 0.596429 0.998511
vt 0.625000 0.998511
vt 0.596429 1.000000
vt 0.126489 0.508721
vt 0.125000 0.508721
vt 0.126489 0.500000
vt 0.625000 0.248086
vt 0.596429 0.251489
vt 0.596429 0.243459
vt 0.373511 0.741279
vt 0.396429 0.741279
vt 0.388541 0.750744
vt 0.625744 0.746384
vt 0.596429 0.751489
vt 0.596429 0.743459
vt 0.373511 0.508721
vt 0.388541 0.499256
vt 0.396429 0.508721
vt 0.625744 0.506168
vt 0.596429 0.508721
vt 0.596429 0.498883
vt 0.403571 0.000000
vt 0.596429 0.000000
vt 0.596429 0.008721
vt 0.403571 0.008721
vt 0.625000 0.008721
vt 0.403571 0.251489
vt 0.403571 0.241279
vt 0.403571 0.998511
vt 0.873511 0.508721
vt 0.873511 0.741279
s 0
usemtl Shelf_amber_wood
f 745/1055/807 746/1056/807 747/1057/807
f 748/1058/808 749/1059/808 750/1060/808
f 751/1061/809 752/1062/809 753/1063/809
f 754/1064/810 755/1065/810 756/1066/810
f 757/1067/811 758/1068/811 759/1069/811
f 760/1070/812 761/1071/812 762/1072/812
f 763/1073/813 764/1074/813 765/1075/813
f 766/1076/814 767/1077/814 768/1078/814
f 751/1061/815 745/1055/815 747/1057/815 752/1062/815
f 746/1079/816 748/1080/816 750/1081/816 747/1082/816
f 749/1083/817 754/1064/817 756/1066/817 750/1081/817
f 755/1065/818 753/1084/818 752/1085/818 756/1066/818
f 763/1073/819 751/1061/819 753/1063/819 764/1074/819
f 754/1064/820 766/1076/820 768/1078/820 755/1065/820
f 767/1077/821 765/1075/821 764/1074/821 768/1078/821
f 757/1067/822 763/1073/822 765/1075/822 758/1068/822
f 766/1076/823 760/1070/823 762/1072/823 767/1077/823
f 761/1071/824 759/1069/824 758/1068/824 762/1072/824
f 745/1055/825 757/1067/825 759/1069/825 746/1056/825
f 760/1070/826 749/1059/826 748/1058/826 761/1071/826
f 751/1061/827 763/1073/827 757/1067/827 745/1055/827
f 747/1082/828 750/1081/828 756/1066/828 752/1085/828
f 759/1069/829 761/1071/829 748/1058/829 746/1086/829
f 766/1076/830 754/1087/830 749/1088/830 760/1070/830
f 753/1084/831 755/1065/831 768/1078/831 764/1074/831
f 765/1075/832 767/1077/832 762/1072/832 758/1068/832
o Shelf_timber_slat.011
v -0.971694 2.377500 -0.168931
v -0.971694 2.389500 -0.156931
v -0.983694 2.389500 -0.168931
v -0.971694 2.470500 -0.156931
v -0.971694 2.482500 -0.168931
v -0.983694 2.470500 -0.168931
v -0.971694 2.377500 -0.488931
v -0.983694 2.389500 -0.488931
v -0.971694 2.389500 -0.500931
v -0.971694 2.482500 -0.488931
v -0.971694 2.470500 -0.500931
v -0.983694 2.470500 -0.488931
v 1.019306 2.377500 -0.168931
v 1.031306 2.389500 -0.168931
v 1.019306 2.389500 -0.156931
v 1.019306 2.482500 -0.168931
v 1.019306 2.470500 -0.156931
v 1.031306 2.470500 -0.168931
v 1.019306 2.377500 -0.488931
v 1.019306 2.389500 -0.500931
v 1.031306 2.389500 -0.488931
v 1.019306 2.482500 -0.488931
v 1.031306 2.470500 -0.488931
v 1.019306 2.470500 -0.500931
vn -0.5774 -0.5774 0.5773
vn -0.5774 0.5774 0.5773
vn -0.5774 -0.5774 -0.5773
vn -0.5774 0.5774 -0.5773
vn 0.5774 -0.5774 0.5773
vn 0.5774 0.5774 0.5773
vn 0.5774 -0.5774 -0.5773
vn 0.5774 0.5774 -0.5773
vn -0.7071 -0.7071 -0.0000
vn -0.7071 -0.0000 0.7071
vn -0.7071 0.7071 -0.0000
vn -0.7071 -0.0000 -0.7071
vn -0.0000 -0.7071 -0.7071
vn -0.0000 0.7071 -0.7071
vn 0.7071 -0.0000 -0.7071
vn 0.7071 -0.7071 -0.0000
vn 0.7071 0.7071 -0.0000
vn 0.7071 -0.0000 0.7071
vn -0.0000 -0.7071 0.7071
vn -0.0000 0.7071 0.7071
vn -0.0000 -1.0000 -0.0000
vn -1.0000 -0.0000 -0.0000
vn -0.0000 -0.0000 1.0000
vn -0.0000 1.0000 -0.0000
vn -0.0000 -0.0000 -1.0000
vn 1.0000 -0.0000 -0.0000
vt 0.126489 0.741279
vt 0.126489 0.750000
vt 0.125000 0.741279
vt 0.596429 0.998511
vt 0.625000 0.998511
vt 0.596429 1.000000
vt 0.126489 0.508721
vt 0.125000 0.508721
vt 0.126489 0.500000
vt 0.625000 0.248086
vt 0.596429 0.251489
vt 0.596429 0.243459
vt 0.373511 0.741279
vt 0.396429 0.741279
vt 0.388541 0.750744
vt 0.625744 0.746384
vt 0.596429 0.751489
vt 0.596429 0.743459
vt 0.373511 0.508721
vt 0.388541 0.499256
vt 0.396429 0.508721
vt 0.625744 0.506168
vt 0.596429 0.508721
vt 0.596429 0.498883
vt 0.403571 0.000000
vt 0.596429 0.000000
vt 0.596429 0.008721
vt 0.403571 0.008721
vt 0.625000 0.008721
vt 0.403571 0.251489
vt 0.403571 0.241279
vt 0.403571 0.998511
vt 0.873511 0.508721
vt 0.873511 0.741279
s 0
usemtl Shelf_amber_wood
f 769/1089/833 770/1090/833 771/1091/833
f 772/1092/834 773/1093/834 774/1094/834
f 775/1095/835 776/1096/835 777/1097/835
f 778/1098/836 779/1099/836 780/1100/836
f 781/1101/837 782/1102/837 783/1103/837
f 784/1104/838 785/1105/838 786/1106/838
f 787/1107/839 788/1108/839 789/1109/839
f 790/1110/840 791/1111/840 792/1112/840
f 775/1095/841 769/1089/841 771/1091/841 776/1096/841
f 770/1113/842 772/1114/842 774/1115/842 771/1116/842
f 773/1117/843 778/1098/843 780/1100/843 774/1115/843
f 779/1099/844 777/1118/844 776/1119/844 780/1100/844
f 787/1107/845 775/1095/845 777/1097/845 788/1108/845
f 778/1098/846 790/1110/846 792/1112/846 779/1099/846
f 791/1111/847 789/1109/847 788/1108/847 792/1112/847
f 781/1101/848 787/1107/848 789/1109/848 782/1102/848
f 790/1110/849 784/1104/849 786/1106/849 791/1111/849
f 785/1105/850 783/1103/850 782/1102/850 786/1106/850
f 769/1089/851 781/1101/851 783/1103/851 770/1090/851
f 784/1104/852 773/1093/852 772/1092/852 785/1105/852
f 775/1095/853 787/1107/853 781/1101/853 769/1089/853
f 771/1116/854 774/1115/854 780/1100/854 776/1119/854
f 783/1103/855 785/1105/855 772/1092/855 770/1120/855
f 790/1110/856 778/1121/856 773/1122/856 784/1104/856
f 777/1118/857 779/1099/857 792/1112/857 788/1108/857
f 789/1109/858 791/1111/858 786/1106/858 782/1102/858
o Shelf_amber_front_edge.003
v -0.981194 2.375000 0.571569
v -0.981194 2.384000 0.580569
v -0.990194 2.384000 0.571569
v -0.981194 2.476000 0.580569
v -0.981194 2.485000 0.571569
v -0.990194 2.476000 0.571569
v -0.981194 2.375000 0.544569
v -0.990194 2.384000 0.544569
v -0.981194 2.384000 0.535569
v -0.981194 2.485000 0.544569
v -0.981194 2.476000 0.535569
v -0.990194 2.476000 0.544569
v 1.028806 2.375000 0.571569
v 1.037806 2.384000 0.571569
v 1.028806 2.384000 0.580569
v 1.028806 2.485000 0.571569
v 1.028806 2.476000 0.580569
v 1.037806 2.476000 0.571569
v 1.028806 2.375000 0.544569
v 1.028806 2.384000 0.535569
v 1.037806 2.384000 0.544569
v 1.028806 2.485000 0.544569
v 1.037806 2.476000 0.544569
v 1.028806 2.476000 0.535569
vn -0.5774 -0.5774 0.5773
vn -0.5774 0.5774 0.5773
vn -0.5774 -0.5774 -0.5773
vn -0.5774 0.5774 -0.5773
vn 0.5774 -0.5774 0.5773
vn 0.5774 0.5774 0.5773
vn 0.5774 -0.5774 -0.5773
vn 0.5774 0.5774 -0.5773
vn -0.7071 -0.7071 -0.0000
vn -0.7071 -0.0000 0.7071
vn -0.7071 0.7071 -0.0000
vn -0.7071 -0.0000 -0.7071
vn -0.0000 -0.7071 -0.7071
vn -0.0000 0.7071 -0.7071
vn 0.7071 -0.0000 -0.7071
vn 0.7071 -0.7071 -0.0000
vn 0.7071 0.7071 -0.0000
vn 0.7071 -0.0000 0.7071
vn -0.0000 -0.7071 0.7071
vn -0.0000 0.7071 0.7071
vn -0.0000 -1.0000 -0.0000
vn -1.0000 -0.0000 -0.0000
vn -0.0000 -0.0000 1.0000
vn -0.0000 1.0000 -0.0000
vn -0.0000 -0.0000 -1.0000
vn 1.0000 -0.0000 -0.0000
vt 0.126109 0.700000
vt 0.126109 0.750000
vt 0.125000 0.700000
vt 0.604545 0.998891
vt 0.625000 0.998891
vt 0.604545 1.000000
vt 0.126109 0.550000
vt 0.125000 0.550000
vt 0.126109 0.500000
vt 0.625000 0.234073
vt 0.604545 0.251109
vt 0.604545 0.212500
vt 0.373891 0.700000
vt 0.390341 0.700000
vt 0.384673 0.750555
vt 0.625555 0.725555
vt 0.604545 0.751109
vt 0.604545 0.712500
vt 0.373891 0.550000
vt 0.384673 0.499445
vt 0.390341 0.550000
vt 0.625555 0.537223
vt 0.604545 0.550000
vt 0.604545 0.499168
vt 0.395455 0.000000
vt 0.604545 0.000000
vt 0.604545 0.050000
vt 0.395455 0.050000
vt 0.625000 0.050000
vt 0.395455 0.251109
vt 0.395455 0.200000
vt 0.395455 0.998891
vt 0.873891 0.550000
vt 0.873891 0.700000
s 0
usemtl Shelf_warm_end_grain
f 793/1123/859 794/1124/859 795/1125/859
f 796/1126/860 797/1127/860 798/1128/860
f 799/1129/861 800/1130/861 801/1131/861
f 802/1132/862 803/1133/862 804/1134/862
f 805/1135/863 806/1136/863 807/1137/863
f 808/1138/864 809/1139/864 810/1140/864
f 811/1141/865 812/1142/865 813/1143/865
f 814/1144/866 815/1145/866 816/1146/866
f 799/1129/867 793/1123/867 795/1125/867 800/1130/867
f 794/1147/868 796/1148/868 798/1149/868 795/1150/868
f 797/1151/869 802/1132/869 804/1134/869 798/1149/869
f 803/1133/870 801/1152/870 800/1153/870 804/1134/870
f 811/1141/871 799/1129/871 801/1131/871 812/1142/871
f 802/1132/872 814/1144/872 816/1146/872 803/1133/872
f 815/1145/873 813/1143/873 812/1142/873 816/1146/873
f 805/1135/874 811/1141/874 813/1143/874 806/1136/874
f 814/1144/875 808/1138/875 810/1140/875 815/1145/875
f 809/1139/876 807/1137/876 806/1136/876 810/1140/876
f 793/1123/877 805/1135/877 807/1137/877 794/1124/877
f 808/1138/878 797/1127/878 796/1126/878 809/1139/878
f 799/1129/879 811/1141/879 805/1135/879 793/1123/879
f 795/1150/880 798/1149/880 804/1134/880 800/1153/880
f 807/1137/881 809/1139/881 796/1126/881 794/1154/881
f 814/1144/882 802/1155/882 797/1156/882 808/1138/882
f 801/1152/883 803/1133/883 816/1146/883 812/1142/883
f 813/1143/884 815/1145/884 810/1140/884 806/1136/884
o Shelf_steel_bearer.006
v -1.022194 2.340000 0.501569
v -1.022194 2.344000 0.505569
v -1.026194 2.344000 0.501569
v -1.022194 2.374000 0.505569
v -1.022194 2.378000 0.501569
v -1.026194 2.374000 0.501569
v -1.022194 2.340000 0.464569
v -1.026194 2.344000 0.464569
v -1.022194 2.344000 0.460569
v -1.022194 2.378000 0.464569
v -1.022194 2.374000 0.460569
v -1.026194 2.374000 0.464569
v 1.069806 2.340000 0.501569
v 1.073806 2.344000 0.501569
v 1.069806 2.344000 0.505569
v 1.069806 2.378000 0.501569
v 1.069806 2.374000 0.505569
v 1.073806 2.374000 0.501569
v 1.069806 2.340000 0.464569
v 1.069806 2.344000 0.460569
v 1.073806 2.344000 0.464569
v 1.069806 2.378000 0.464569
v 1.073806 2.374000 0.464569
v 1.069806 2.374000 0.460569
vn -0.5774 -0.5773 0.5774
vn -0.5774 0.5773 0.5774
vn -0.5774 -0.5773 -0.5774
vn -0.5774 0.5773 -0.5774
vn 0.5774 -0.5773 0.5774
vn 0.5774 0.5773 0.5774
vn 0.5774 -0.5773 -0.5774
vn 0.5774 0.5773 -0.5774
vn -0.7071 -0.7071 -0.0000
vn -0.7071 -0.0000 0.7071
vn -0.7071 0.7071 -0.0000
vn -0.7071 -0.0000 -0.7071
vn -0.0000 -0.7071 -0.7071
vn -0.0000 0.7071 -0.7071
vn 0.7071 -0.0000 -0.7071
vn 0.7071 -0.7071 -0.0000
vn 0.7071 0.7071 -0.0000
vn 0.7071 -0.0000 0.7071
vn -0.0000 -0.7071 0.7071
vn -0.0000 0.7071 0.7071
vn -0.0000 -1.0000 -0.0000
vn -1.0000 -0.0000 -0.0000
vn -0.0000 -0.0000 1.0000
vn -0.0000 1.0000 -0.0000
vn -0.0000 -0.0000 -1.0000
vn 1.0000 -0.0000 -0.0000
vt 0.125476 0.727778
vt 0.125476 0.750000
vt 0.125000 0.727778
vt 0.598684 0.999524
vt 0.625000 0.999524
vt 0.598684 1.000000
vt 0.125476 0.522222
vt 0.125000 0.522222
vt 0.125476 0.500000
vt 0.625000 0.242910
vt 0.598684 0.250476
vt 0.598684 0.233333
vt 0.374524 0.727778
vt 0.394737 0.727778
vt 0.387920 0.750238
vt 0.625238 0.739127
vt 0.598684 0.750476
vt 0.598684 0.733333
vt 0.374524 0.522222
vt 0.387920 0.499762
vt 0.394737 0.522222
vt 0.625238 0.516548
vt 0.598684 0.522222
vt 0.598684 0.499643
vt 0.401316 0.000000
vt 0.598684 0.000000
vt 0.598684 0.022222
vt 0.401316 0.022222
vt 0.625000 0.022222
vt 0.401316 0.250476
vt 0.401316 0.227778
vt 0.401316 0.999524
vt 0.874524 0.522222
vt 0.874524 0.727778
s 0
usemtl Aged_dark_steel
f 817/1157/885 818/1158/885 819/1159/885
f 820/1160/886 821/1161/886 822/1162/886
f 823/1163/887 824/1164/887 825/1165/887
f 826/1166/888 827/1167/888 828/1168/888
f 829/1169/889 830/1170/889 831/1171/889
f 832/1172/890 833/1173/890 834/1174/890
f 835/1175/891 836/1176/891 837/1177/891
f 838/1178/892 839/1179/892 840/1180/892
f 823/1163/893 817/1157/893 819/1159/893 824/1164/893
f 818/1181/894 820/1182/894 822/1183/894 819/1184/894
f 821/1185/895 826/1166/895 828/1168/895 822/1183/895
f 827/1167/896 825/1186/896 824/1187/896 828/1168/896
f 835/1175/897 823/1163/897 825/1165/897 836/1176/897
f 826/1166/898 838/1178/898 840/1180/898 827/1167/898
f 839/1179/899 837/1177/899 836/1176/899 840/1180/899
f 829/1169/900 835/1175/900 837/1177/900 830/1170/900
f 838/1178/901 832/1172/901 834/1174/901 839/1179/901
f 833/1173/902 831/1171/902 830/1170/902 834/1174/902
f 817/1157/903 829/1169/903 831/1171/903 818/1158/903
f 832/1172/904 821/1161/904 820/1160/904 833/1173/904
f 823/1163/905 835/1175/905 829/1169/905 817/1157/905
f 819/1184/906 822/1183/906 828/1168/906 824/1187/906
f 831/1171/907 833/1173/907 820/1160/907 818/1188/907
f 838/1178/908 826/1189/908 821/1190/908 832/1172/908
f 825/1186/909 827/1167/909 840/1180/909 836/1176/909
f 837/1177/910 839/1179/910 834/1174/910 830/1170/910
o Shelf_steel_bearer.007
v -1.022194 2.340000 -0.418431
v -1.022194 2.344000 -0.414431
v -1.026194 2.344000 -0.418431
v -1.022194 2.374000 -0.414431
v -1.022194 2.378000 -0.418431
v -1.026194 2.374000 -0.418431
v -1.022194 2.340000 -0.455431
v -1.026194 2.344000 -0.455431
v -1.022194 2.344000 -0.459431
v -1.022194 2.378000 -0.455431
v -1.022194 2.374000 -0.459431
v -1.026194 2.374000 -0.455431
v 1.069806 2.340000 -0.418431
v 1.073806 2.344000 -0.418431
v 1.069806 2.344000 -0.414431
v 1.069806 2.378000 -0.418431
v 1.069806 2.374000 -0.414431
v 1.073806 2.374000 -0.418431
v 1.069806 2.340000 -0.455431
v 1.069806 2.344000 -0.459431
v 1.073806 2.344000 -0.455431
v 1.069806 2.378000 -0.455431
v 1.073806 2.374000 -0.455431
v 1.069806 2.374000 -0.459431
vn -0.5774 -0.5773 0.5774
vn -0.5774 0.5773 0.5774
vn -0.5774 -0.5773 -0.5774
vn -0.5774 0.5773 -0.5774
vn 0.5774 -0.5773 0.5774
vn 0.5774 0.5773 0.5774
vn 0.5774 -0.5773 -0.5774
vn 0.5774 0.5773 -0.5774
vn -0.7071 -0.7071 -0.0000
vn -0.7071 -0.0000 0.7071
vn -0.7071 0.7071 -0.0000
vn -0.7071 -0.0000 -0.7071
vn -0.0000 -0.7071 -0.7071
vn -0.0000 0.7071 -0.7071
vn 0.7071 -0.0000 -0.7071
vn 0.7071 -0.7071 -0.0000
vn 0.7071 0.7071 -0.0000
vn 0.7071 -0.0000 0.7071
vn -0.0000 -0.7071 0.7071
vn -0.0000 0.7071 0.7071
vn -0.0000 -1.0000 -0.0000
vn -1.0000 -0.0000 -0.0000
vn -0.0000 -0.0000 1.0000
vn -0.0000 1.0000 -0.0000
vn -0.0000 -0.0000 -1.0000
vn 1.0000 -0.0000 -0.0000
vt 0.125476 0.727778
vt 0.125476 0.750000
vt 0.125000 0.727778
vt 0.598684 0.999524
vt 0.625000 0.999524
vt 0.598684 1.000000
vt 0.125476 0.522222
vt 0.125000 0.522222
vt 0.125476 0.500000
vt 0.625000 0.242910
vt 0.598684 0.250476
vt 0.598684 0.233333
vt 0.374524 0.727778
vt 0.394737 0.727778
vt 0.387920 0.750238
vt 0.625238 0.739127
vt 0.598684 0.750476
vt 0.598684 0.733333
vt 0.374524 0.522222
vt 0.387920 0.499762
vt 0.394737 0.522222
vt 0.625238 0.516548
vt 0.598684 0.522222
vt 0.598684 0.499643
vt 0.401316 0.000000
vt 0.598684 0.000000
vt 0.598684 0.022222
vt 0.401316 0.022222
vt 0.625000 0.022222
vt 0.401316 0.250476
vt 0.401316 0.227778
vt 0.401316 0.999524
vt 0.874524 0.522222
vt 0.874524 0.727778
s 0
usemtl Aged_dark_steel
f 841/1191/911 842/1192/911 843/1193/911
f 844/1194/912 845/1195/912 846/1196/912
f 847/1197/913 848/1198/913 849/1199/913
f 850/1200/914 851/1201/914 852/1202/914
f 853/1203/915 854/1204/915 855/1205/915
f 856/1206/916 857/1207/916 858/1208/916
f 859/1209/917 860/1210/917 861/1211/917
f 862/1212/918 863/1213/918 864/1214/918
f 847/1197/919 841/1191/919 843/1193/919 848/1198/919
f 842/1215/920 844/1216/920 846/1217/920 843/1218/920
f 845/1219/921 850/1200/921 852/1202/921 846/1217/921
f 851/1201/922 849/1220/922 848/1221/922 852/1202/922
f 859/1209/923 847/1197/923 849/1199/923 860/1210/923
f 850/1200/924 862/1212/924 864/1214/924 851/1201/924
f 863/1213/925 861/1211/925 860/1210/925 864/1214/925
f 853/1203/926 859/1209/926 861/1211/926 854/1204/926
f 862/1212/927 856/1206/927 858/1208/927 863/1213/927
f 857/1207/928 855/1205/928 854/1204/928 858/1208/928
f 841/1191/929 853/1203/929 855/1205/929 842/1192/929
f 856/1206/930 845/1195/930 844/1194/930 857/1207/930
f 847/1197/931 859/1209/931 853/1203/931 841/1191/931
f 843/1218/932 846/1217/932 852/1202/932 848/1221/932
f 855/1205/933 857/1207/933 844/1194/933 842/1222/933
f 862/1212/934 850/1223/934 845/1224/934 856/1206/934
f 849/1220/935 851/1201/935 864/1214/935 860/1210/935
f 861/1211/936 863/1213/936 858/1208/936 854/1204/936
o Shelf_timber_slat.012
v -0.971694 3.157500 0.535069
v -0.971694 3.169500 0.547069
v -0.983694 3.169500 0.535069
v -0.971694 3.250500 0.547069
v -0.971694 3.262500 0.535069
v -0.983694 3.250500 0.535069
v -0.971694 3.157500 0.215069
v -0.983694 3.169500 0.215069
v -0.971694 3.169500 0.203069
v -0.971694 3.262500 0.215069
v -0.971694 3.250500 0.203069
v -0.983694 3.250500 0.215069
v 1.019306 3.157500 0.535069
v 1.031306 3.169500 0.535069
v 1.019306 3.169500 0.547069
v 1.019306 3.262500 0.535069
v 1.019306 3.250500 0.547069
v 1.031306 3.250500 0.535069
v 1.019306 3.157500 0.215069
v 1.019306 3.169500 0.203069
v 1.031306 3.169500 0.215069
v 1.019306 3.262500 0.215069
v 1.031306 3.250500 0.215069
v 1.019306 3.250500 0.203069
vn -0.5774 -0.5774 0.5773
vn -0.5774 0.5774 0.5773
vn -0.5774 -0.5774 -0.5773
vn -0.5774 0.5774 -0.5773
vn 0.5774 -0.5774 0.5773
vn 0.5774 0.5774 0.5773
vn 0.5774 -0.5774 -0.5773
vn 0.5774 0.5774 -0.5773
vn -0.7071 -0.7071 -0.0000
vn -0.7071 -0.0000 0.7071
vn -0.7071 0.7071 -0.0000
vn -0.7071 -0.0000 -0.7071
vn -0.0000 -0.7071 -0.7071
vn -0.0000 0.7071 -0.7071
vn 0.7071 -0.0000 -0.7071
vn 0.7071 -0.7071 -0.0000
vn 0.7071 0.7071 -0.0000
vn 0.7071 -0.0000 0.7071
vn -0.0000 -0.7071 0.7071
vn -0.0000 0.7071 0.7071
vn -0.0000 -1.0000 -0.0000
vn -1.0000 -0.0000 -0.0000
vn -0.0000 -0.0000 1.0000
vn -0.0000 1.0000 -0.0000
vn -0.0000 -0.0000 -1.0000
vn 1.0000 -0.0000 -0.0000
vt 0.126489 0.741279
vt 0.126489 0.750000
vt 0.125000 0.741279
vt 0.596429 0.998511
vt 0.625000 0.998511
vt 0.596429 1.000000
vt 0.126489 0.508721
vt 0.125000 0.508721
vt 0.126489 0.500000
vt 0.625000 0.248086
vt 0.596429 0.251489
vt 0.596429 0.243459
vt 0.373511 0.741279
vt 0.396429 0.741279
vt 0.388541 0.750744
vt 0.625744 0.746384
vt 0.596429 0.751489
vt 0.596429 0.743459
vt 0.373511 0.508721
vt 0.388541 0.499256
vt 0.396429 0.508721
vt 0.625744 0.506168
vt 0.596429 0.508721
vt 0.596429 0.498883
vt 0.403571 0.000000
vt 0.596429 0.000000
vt 0.596429 0.008721
vt 0.403571 0.008721
vt 0.625000 0.008721
vt 0.403571 0.251489
vt 0.403571 0.241279
vt 0.403571 0.998511
vt 0.873511 0.508721
vt 0.873511 0.741279
s 0
usemtl Shelf_amber_wood
f 865/1225/937 866/1226/937 867/1227/937
f 868/1228/938 869/1229/938 870/1230/938
f 871/1231/939 872/1232/939 873/1233/939
f 874/1234/940 875/1235/940 876/1236/940
f 877/1237/941 878/1238/941 879/1239/941
f 880/1240/942 881/1241/942 882/1242/942
f 883/1243/943 884/1244/943 885/1245/943
f 886/1246/944 887/1247/944 888/1248/944
f 871/1231/945 865/1225/945 867/1227/945 872/1232/945
f 866/1249/946 868/1250/946 870/1251/946 867/1252/946
f 869/1253/947 874/1234/947 876/1236/947 870/1251/947
f 875/1235/948 873/1254/948 872/1255/948 876/1236/948
f 883/1243/949 871/1231/949 873/1233/949 884/1244/949
f 874/1234/950 886/1246/950 888/1248/950 875/1235/950
f 887/1247/951 885/1245/951 884/1244/951 888/1248/951
f 877/1237/952 883/1243/952 885/1245/952 878/1238/952
f 886/1246/953 880/1240/953 882/1242/953 887/1247/953
f 881/1241/954 879/1239/954 878/1238/954 882/1242/954
f 865/1225/955 877/1237/955 879/1239/955 866/1226/955
f 880/1240/956 869/1229/956 868/1228/956 881/1241/956
f 871/1231/957 883/1243/957 877/1237/957 865/1225/957
f 867/1252/958 870/1251/958 876/1236/958 872/1255/958
f 879/1239/959 881/1241/959 868/1228/959 866/1256/959
f 886/1246/960 874/1257/960 869/1258/960 880/1240/960
f 873/1254/961 875/1235/961 888/1248/961 884/1244/961
f 885/1245/962 887/1247/962 882/1242/962 878/1238/962
o Shelf_timber_slat.013
v -0.971694 3.157500 0.183069
v -0.971694 3.169500 0.195069
v -0.983694 3.169500 0.183069
v -0.971694 3.250500 0.195069
v -0.971694 3.262500 0.183069
v -0.983694 3.250500 0.183069
v -0.971694 3.157500 -0.136931
v -0.983694 3.169500 -0.136931
v -0.971694 3.169500 -0.148931
v -0.971694 3.262500 -0.136931
v -0.971694 3.250500 -0.148931
v -0.983694 3.250500 -0.136931
v 1.019306 3.157500 0.183069
v 1.031306 3.169500 0.183069
v 1.019306 3.169500 0.195069
v 1.019306 3.262500 0.183069
v 1.019306 3.250500 0.195069
v 1.031306 3.250500 0.183069
v 1.019306 3.157500 -0.136931
v 1.019306 3.169500 -0.148931
v 1.031306 3.169500 -0.136931
v 1.019306 3.262500 -0.136931
v 1.031306 3.250500 -0.136931
v 1.019306 3.250500 -0.148931
vn -0.5774 -0.5774 0.5773
vn -0.5774 0.5774 0.5773
vn -0.5774 -0.5774 -0.5773
vn -0.5774 0.5774 -0.5773
vn 0.5774 -0.5774 0.5773
vn 0.5774 0.5774 0.5773
vn 0.5774 -0.5774 -0.5773
vn 0.5774 0.5774 -0.5773
vn -0.7071 -0.7071 -0.0000
vn -0.7071 -0.0000 0.7071
vn -0.7071 0.7071 -0.0000
vn -0.7071 -0.0000 -0.7071
vn -0.0000 -0.7071 -0.7071
vn -0.0000 0.7071 -0.7071
vn 0.7071 -0.0000 -0.7071
vn 0.7071 -0.7071 -0.0000
vn 0.7071 0.7071 -0.0000
vn 0.7071 -0.0000 0.7071
vn -0.0000 -0.7071 0.7071
vn -0.0000 0.7071 0.7071
vn -0.0000 -1.0000 -0.0000
vn -1.0000 -0.0000 -0.0000
vn -0.0000 -0.0000 1.0000
vn -0.0000 1.0000 -0.0000
vn -0.0000 -0.0000 -1.0000
vn 1.0000 -0.0000 -0.0000
vt 0.126489 0.741279
vt 0.126489 0.750000
vt 0.125000 0.741279
vt 0.596429 0.998511
vt 0.625000 0.998511
vt 0.596429 1.000000
vt 0.126489 0.508721
vt 0.125000 0.508721
vt 0.126489 0.500000
vt 0.625000 0.248086
vt 0.596429 0.251489
vt 0.596429 0.243459
vt 0.373511 0.741279
vt 0.396429 0.741279
vt 0.388541 0.750744
vt 0.625744 0.746384
vt 0.596429 0.751489
vt 0.596429 0.743459
vt 0.373511 0.508721
vt 0.388541 0.499256
vt 0.396429 0.508721
vt 0.625744 0.506168
vt 0.596429 0.508721
vt 0.596429 0.498883
vt 0.403571 0.000000
vt 0.596429 0.000000
vt 0.596429 0.008721
vt 0.403571 0.008721
vt 0.625000 0.008721
vt 0.403571 0.251489
vt 0.403571 0.241279
vt 0.403571 0.998511
vt 0.873511 0.508721
vt 0.873511 0.741279
s 0
usemtl Shelf_amber_wood
f 889/1259/963 890/1260/963 891/1261/963
f 892/1262/964 893/1263/964 894/1264/964
f 895/1265/965 896/1266/965 897/1267/965
f 898/1268/966 899/1269/966 900/1270/966
f 901/1271/967 902/1272/967 903/1273/967
f 904/1274/968 905/1275/968 906/1276/968
f 907/1277/969 908/1278/969 909/1279/969
f 910/1280/970 911/1281/970 912/1282/970
f 895/1265/971 889/1259/971 891/1261/971 896/1266/971
f 890/1283/972 892/1284/972 894/1285/972 891/1286/972
f 893/1287/973 898/1268/973 900/1270/973 894/1285/973
f 899/1269/974 897/1288/974 896/1289/974 900/1270/974
f 907/1277/975 895/1265/975 897/1267/975 908/1278/975
f 898/1268/976 910/1280/976 912/1282/976 899/1269/976
f 911/1281/977 909/1279/977 908/1278/977 912/1282/977
f 901/1271/978 907/1277/978 909/1279/978 902/1272/978
f 910/1280/979 904/1274/979 906/1276/979 911/1281/979
f 905/1275/980 903/1273/980 902/1272/980 906/1276/980
f 889/1259/981 901/1271/981 903/1273/981 890/1260/981
f 904/1274/982 893/1263/982 892/1262/982 905/1275/982
f 895/1265/983 907/1277/983 901/1271/983 889/1259/983
f 891/1286/984 894/1285/984 900/1270/984 896/1289/984
f 903/1273/985 905/1275/985 892/1262/985 890/1290/985
f 910/1280/986 898/1291/986 893/1292/986 904/1274/986
f 897/1288/987 899/1269/987 912/1282/987 908/1278/987
f 909/1279/988 911/1281/988 906/1276/988 902/1272/988
o Shelf_timber_slat.014
v -0.971694 3.157500 -0.168931
v -0.971694 3.169500 -0.156931
v -0.983694 3.169500 -0.168931
v -0.971694 3.250500 -0.156931
v -0.971694 3.262500 -0.168931
v -0.983694 3.250500 -0.168931
v -0.971694 3.157500 -0.488931
v -0.983694 3.169500 -0.488931
v -0.971694 3.169500 -0.500931
v -0.971694 3.262500 -0.488931
v -0.971694 3.250500 -0.500931
v -0.983694 3.250500 -0.488931
v 1.019306 3.157500 -0.168931
v 1.031306 3.169500 -0.168931
v 1.019306 3.169500 -0.156931
v 1.019306 3.262500 -0.168931
v 1.019306 3.250500 -0.156931
v 1.031306 3.250500 -0.168931
v 1.019306 3.157500 -0.488931
v 1.019306 3.169500 -0.500931
v 1.031306 3.169500 -0.488931
v 1.019306 3.262500 -0.488931
v 1.031306 3.250500 -0.488931
v 1.019306 3.250500 -0.500931
vn -0.5774 -0.5774 0.5773
vn -0.5774 0.5774 0.5773
vn -0.5774 -0.5774 -0.5773
vn -0.5774 0.5774 -0.5773
vn 0.5774 -0.5774 0.5773
vn 0.5774 0.5774 0.5773
vn 0.5774 -0.5774 -0.5773
vn 0.5774 0.5774 -0.5773
vn -0.7071 -0.7071 -0.0000
vn -0.7071 -0.0000 0.7071
vn -0.7071 0.7071 -0.0000
vn -0.7071 -0.0000 -0.7071
vn -0.0000 -0.7071 -0.7071
vn -0.0000 0.7071 -0.7071
vn 0.7071 -0.0000 -0.7071
vn 0.7071 -0.7071 -0.0000
vn 0.7071 0.7071 -0.0000
vn 0.7071 -0.0000 0.7071
vn -0.0000 -0.7071 0.7071
vn -0.0000 0.7071 0.7071
vn -0.0000 -1.0000 -0.0000
vn -1.0000 -0.0000 -0.0000
vn -0.0000 -0.0000 1.0000
vn -0.0000 1.0000 -0.0000
vn -0.0000 -0.0000 -1.0000
vn 1.0000 -0.0000 -0.0000
vt 0.126489 0.741279
vt 0.126489 0.750000
vt 0.125000 0.741279
vt 0.596429 0.998511
vt 0.625000 0.998511
vt 0.596429 1.000000
vt 0.126489 0.508721
vt 0.125000 0.508721
vt 0.126489 0.500000
vt 0.625000 0.248086
vt 0.596429 0.251489
vt 0.596429 0.243459
vt 0.373511 0.741279
vt 0.396429 0.741279
vt 0.388541 0.750744
vt 0.625744 0.746384
vt 0.596429 0.751489
vt 0.596429 0.743459
vt 0.373511 0.508721
vt 0.388541 0.499256
vt 0.396429 0.508721
vt 0.625744 0.506168
vt 0.596429 0.508721
vt 0.596429 0.498883
vt 0.403571 0.000000
vt 0.596429 0.000000
vt 0.596429 0.008721
vt 0.403571 0.008721
vt 0.625000 0.008721
vt 0.403571 0.251489
vt 0.403571 0.241279
vt 0.403571 0.998511
vt 0.873511 0.508721
vt 0.873511 0.741279
s 0
usemtl Shelf_amber_wood
f 913/1293/989 914/1294/989 915/1295/989
f 916/1296/990 917/1297/990 918/1298/990
f 919/1299/991 920/1300/991 921/1301/991
f 922/1302/992 923/1303/992 924/1304/992
f 925/1305/993 926/1306/993 927/1307/993
f 928/1308/994 929/1309/994 930/1310/994
f 931/1311/995 932/1312/995 933/1313/995
f 934/1314/996 935/1315/996 936/1316/996
f 919/1299/997 913/1293/997 915/1295/997 920/1300/997
f 914/1317/998 916/1318/998 918/1319/998 915/1320/998
f 917/1321/999 922/1302/999 924/1304/999 918/1319/999
f 923/1303/1000 921/1322/1000 920/1323/1000 924/1304/1000
f 931/1311/1001 919/1299/1001 921/1301/1001 932/1312/1001
f 922/1302/1002 934/1314/1002 936/1316/1002 923/1303/1002
f 935/1315/1003 933/1313/1003 932/1312/1003 936/1316/1003
f 925/1305/1004 931/1311/1004 933/1313/1004 926/1306/1004
f 934/1314/1005 928/1308/1005 930/1310/1005 935/1315/1005
f 929/1309/1006 927/1307/1006 926/1306/1006 930/1310/1006
f 913/1293/1007 925/1305/1007 927/1307/1007 914/1294/1007
f 928/1308/1008 917/1297/1008 916/1296/1008 929/1309/1008
f 919/1299/1009 931/1311/1009 925/1305/1009 913/1293/1009
f 915/1320/1010 918/1319/1010 924/1304/1010 920/1323/1010
f 927/1307/1011 929/1309/1011 916/1296/1011 914/1324/1011
f 934/1314/1012 922/1325/1012 917/1326/1012 928/1308/1012
f 921/1322/1013 923/1303/1013 936/1316/1013 932/1312/1013
f 933/1313/1014 935/1315/1014 930/1310/1014 926/1306/1014
o Shelf_amber_front_edge.004
v -0.981194 3.155000 0.571569
v -0.981194 3.164000 0.580569
v -0.990194 3.164000 0.571569
v -0.981194 3.256000 0.580569
v -0.981194 3.265000 0.571569
v -0.990194 3.256000 0.571569
v -0.981194 3.155000 0.544569
v -0.990194 3.164000 0.544569
v -0.981194 3.164000 0.535569
v -0.981194 3.265000 0.544569
v -0.981194 3.256000 0.535569
v -0.990194 3.256000 0.544569
v 1.028806 3.155000 0.571569
v 1.037806 3.164000 0.571569
v 1.028806 3.164000 0.580569
v 1.028806 3.265000 0.571569
v 1.028806 3.256000 0.580569
v 1.037806 3.256000 0.571569
v 1.028806 3.155000 0.544569
v 1.028806 3.164000 0.535569
v 1.037806 3.164000 0.544569
v 1.028806 3.265000 0.544569
v 1.037806 3.256000 0.544569
v 1.028806 3.256000 0.535569
vn -0.5774 -0.5774 0.5773
vn -0.5774 0.5774 0.5773
vn -0.5774 -0.5774 -0.5773
vn -0.5774 0.5774 -0.5773
vn 0.5774 -0.5774 0.5773
vn 0.5774 0.5774 0.5773
vn 0.5774 -0.5774 -0.5773
vn 0.5774 0.5774 -0.5773
vn -0.7071 -0.7071 -0.0000
vn -0.7071 -0.0000 0.7071
vn -0.7071 0.7071 -0.0000
vn -0.7071 -0.0000 -0.7071
vn -0.0000 -0.7071 -0.7071
vn -0.0000 0.7071 -0.7071
vn 0.7071 -0.0000 -0.7071
vn 0.7071 -0.7071 -0.0000
vn 0.7071 0.7071 -0.0000
vn 0.7071 -0.0000 0.7071
vn -0.0000 -0.7071 0.7071
vn -0.0000 0.7071 0.7071
vn -0.0000 -1.0000 -0.0000
vn -1.0000 -0.0000 -0.0000
vn -0.0000 -0.0000 1.0000
vn -0.0000 1.0000 -0.0000
vn -0.0000 -0.0000 -1.0000
vn 1.0000 -0.0000 -0.0000
vt 0.126109 0.700000
vt 0.126109 0.750000
vt 0.125000 0.700000
vt 0.604545 0.998891
vt 0.625000 0.998891
vt 0.604545 1.000000
vt 0.126109 0.550000
vt 0.125000 0.550000
vt 0.126109 0.500000
vt 0.625000 0.234073
vt 0.604545 0.251109
vt 0.604545 0.212500
vt 0.373891 0.700000
vt 0.390341 0.700000
vt 0.384673 0.750555
vt 0.625555 0.725555
vt 0.604545 0.751109
vt 0.604545 0.712500
vt 0.373891 0.550000
vt 0.384673 0.499445
vt 0.390341 0.550000
vt 0.625555 0.537223
vt 0.604545 0.550000
vt 0.604545 0.499168
vt 0.395455 0.000000
vt 0.604545 0.000000
vt 0.604545 0.050000
vt 0.395455 0.050000
vt 0.625000 0.050000
vt 0.395455 0.251109
vt 0.395455 0.200000
vt 0.395455 0.998891
vt 0.873891 0.550000
vt 0.873891 0.700000
s 0
usemtl Shelf_warm_end_grain
f 937/1327/1015 938/1328/1015 939/1329/1015
f 940/1330/1016 941/1331/1016 942/1332/1016
f 943/1333/1017 944/1334/1017 945/1335/1017
f 946/1336/1018 947/1337/1018 948/1338/1018
f 949/1339/1019 950/1340/1019 951/1341/1019
f 952/1342/1020 953/1343/1020 954/1344/1020
f 955/1345/1021 956/1346/1021 957/1347/1021
f 958/1348/1022 959/1349/1022 960/1350/1022
f 943/1333/1023 937/1327/1023 939/1329/1023 944/1334/1023
f 938/1351/1024 940/1352/1024 942/1353/1024 939/1354/1024
f 941/1355/1025 946/1336/1025 948/1338/1025 942/1353/1025
f 947/1337/1026 945/1356/1026 944/1357/1026 948/1338/1026
f 955/1345/1027 943/1333/1027 945/1335/1027 956/1346/1027
f 946/1336/1028 958/1348/1028 960/1350/1028 947/1337/1028
f 959/1349/1029 957/1347/1029 956/1346/1029 960/1350/1029
f 949/1339/1030 955/1345/1030 957/1347/1030 950/1340/1030
f 958/1348/1031 952/1342/1031 954/1344/1031 959/1349/1031
f 953/1343/1032 951/1341/1032 950/1340/1032 954/1344/1032
f 937/1327/1033 949/1339/1033 951/1341/1033 938/1328/1033
f 952/1342/1034 941/1331/1034 940/1330/1034 953/1343/1034
f 943/1333/1035 955/1345/1035 949/1339/1035 937/1327/1035
f 939/1354/1036 942/1353/1036 948/1338/1036 944/1357/1036
f 951/1341/1037 953/1343/1037 940/1330/1037 938/1358/1037
f 958/1348/1038 946/1359/1038 941/1360/1038 952/1342/1038
f 945/1356/1039 947/1337/1039 960/1350/1039 956/1346/1039
f 957/1347/1040 959/1349/1040 954/1344/1040 950/1340/1040
o Shelf_steel_bearer.008
v -1.022194 3.120000 0.501569
v -1.022194 3.124000 0.505569
v -1.026194 3.124000 0.501569
v -1.022194 3.154000 0.505569
v -1.022194 3.158000 0.501569
v -1.026194 3.154000 0.501569
v -1.022194 3.120000 0.464569
v -1.026194 3.124000 0.464569
v -1.022194 3.124000 0.460569
v -1.022194 3.158000 0.464569
v -1.022194 3.154000 0.460569
v -1.026194 3.154000 0.464569
v 1.069806 3.120000 0.501569
v 1.073806 3.124000 0.501569
v 1.069806 3.124000 0.505569
v 1.069806 3.158000 0.501569
v 1.069806 3.154000 0.505569
v 1.073806 3.154000 0.501569
v 1.069806 3.120000 0.464569
v 1.069806 3.124000 0.460569
v 1.073806 3.124000 0.464569
v 1.069806 3.158000 0.464569
v 1.073806 3.154000 0.464569
v 1.069806 3.154000 0.460569
vn -0.5774 -0.5773 0.5774
vn -0.5774 0.5773 0.5774
vn -0.5774 -0.5773 -0.5774
vn -0.5774 0.5773 -0.5774
vn 0.5774 -0.5773 0.5774
vn 0.5774 0.5773 0.5774
vn 0.5774 -0.5773 -0.5774
vn 0.5774 0.5773 -0.5774
vn -0.7071 -0.7071 -0.0000
vn -0.7071 -0.0000 0.7071
vn -0.7071 0.7071 -0.0000
vn -0.7071 -0.0000 -0.7071
vn -0.0000 -0.7071 -0.7071
vn -0.0000 0.7071 -0.7071
vn 0.7071 -0.0000 -0.7071
vn 0.7071 -0.7071 -0.0000
vn 0.7071 0.7071 -0.0000
vn 0.7071 -0.0000 0.7071
vn -0.0000 -0.7071 0.7071
vn -0.0000 0.7071 0.7071
vn -0.0000 -1.0000 -0.0000
vn -1.0000 -0.0000 -0.0000
vn -0.0000 -0.0000 1.0000
vn -0.0000 1.0000 -0.0000
vn -0.0000 -0.0000 -1.0000
vn 1.0000 -0.0000 -0.0000
vt 0.125476 0.727778
vt 0.125476 0.750000
vt 0.125000 0.727778
vt 0.598684 0.999524
vt 0.625000 0.999524
vt 0.598684 1.000000
vt 0.125476 0.522222
vt 0.125000 0.522222
vt 0.125476 0.500000
vt 0.625000 0.242910
vt 0.598684 0.250476
vt 0.598684 0.233333
vt 0.374524 0.727778
vt 0.394737 0.727778
vt 0.387920 0.750238
vt 0.625238 0.739127
vt 0.598684 0.750476
vt 0.598684 0.733333
vt 0.374524 0.522222
vt 0.387920 0.499762
vt 0.394737 0.522222
vt 0.625238 0.516548
vt 0.598684 0.522222
vt 0.598684 0.499643
vt 0.401316 0.000000
vt 0.598684 0.000000
vt 0.598684 0.022222
vt 0.401316 0.022222
vt 0.625000 0.022222
vt 0.401316 0.250476
vt 0.401316 0.227778
vt 0.401316 0.999524
vt 0.874524 0.522222
vt 0.874524 0.727778
s 0
usemtl Aged_dark_steel
f 961/1361/1041 962/1362/1041 963/1363/1041
f 964/1364/1042 965/1365/1042 966/1366/1042
f 967/1367/1043 968/1368/1043 969/1369/1043
f 970/1370/1044 971/1371/1044 972/1372/1044
f 973/1373/1045 974/1374/1045 975/1375/1045
f 976/1376/1046 977/1377/1046 978/1378/1046
f 979/1379/1047 980/1380/1047 981/1381/1047
f 982/1382/1048 983/1383/1048 984/1384/1048
f 967/1367/1049 961/1361/1049 963/1363/1049 968/1368/1049
f 962/1385/1050 964/1386/1050 966/1387/1050 963/1388/1050
f 965/1389/1051 970/1370/1051 972/1372/1051 966/1387/1051
f 971/1371/1052 969/1390/1052 968/1391/1052 972/1372/1052
f 979/1379/1053 967/1367/1053 969/1369/1053 980/1380/1053
f 970/1370/1054 982/1382/1054 984/1384/1054 971/1371/1054
f 983/1383/1055 981/1381/1055 980/1380/1055 984/1384/1055
f 973/1373/1056 979/1379/1056 981/1381/1056 974/1374/1056
f 982/1382/1057 976/1376/1057 978/1378/1057 983/1383/1057
f 977/1377/1058 975/1375/1058 974/1374/1058 978/1378/1058
f 961/1361/1059 973/1373/1059 975/1375/1059 962/1362/1059
f 976/1376/1060 965/1365/1060 964/1364/1060 977/1377/1060
f 967/1367/1061 979/1379/1061 973/1373/1061 961/1361/1061
f 963/1388/1062 966/1387/1062 972/1372/1062 968/1391/1062
f 975/1375/1063 977/1377/1063 964/1364/1063 962/1392/1063
f 982/1382/1064 970/1393/1064 965/1394/1064 976/1376/1064
f 969/1390/1065 971/1371/1065 984/1384/1065 980/1380/1065
f 981/1381/1066 983/1383/1066 978/1378/1066 974/1374/1066
o Shelf_steel_bearer.009
v -1.022194 3.120000 -0.418431
v -1.022194 3.124000 -0.414431
v -1.026194 3.124000 -0.418431
v -1.022194 3.154000 -0.414431
v -1.022194 3.158000 -0.418431
v -1.026194 3.154000 -0.418431
v -1.022194 3.120000 -0.455431
v -1.026194 3.124000 -0.455431
v -1.022194 3.124000 -0.459431
v -1.022194 3.158000 -0.455431
v -1.022194 3.154000 -0.459431
v -1.026194 3.154000 -0.455431
v 1.069806 3.120000 -0.418431
v 1.073806 3.124000 -0.418431
v 1.069806 3.124000 -0.414431
v 1.069806 3.158000 -0.418431
v 1.069806 3.154000 -0.414431
v 1.073806 3.154000 -0.418431
v 1.069806 3.120000 -0.455431
v 1.069806 3.124000 -0.459431
v 1.073806 3.124000 -0.455431
v 1.069806 3.158000 -0.455431
v 1.073806 3.154000 -0.455431
v 1.069806 3.154000 -0.459431
vn -0.5774 -0.5773 0.5774
vn -0.5774 0.5773 0.5774
vn -0.5774 -0.5773 -0.5774
vn -0.5774 0.5773 -0.5774
vn 0.5774 -0.5773 0.5774
vn 0.5774 0.5773 0.5774
vn 0.5774 -0.5773 -0.5774
vn 0.5774 0.5773 -0.5774
vn -0.7071 -0.7071 -0.0000
vn -0.7071 -0.0000 0.7071
vn -0.7071 0.7071 -0.0000
vn -0.7071 -0.0000 -0.7071
vn -0.0000 -0.7071 -0.7071
vn -0.0000 0.7071 -0.7071
vn 0.7071 -0.0000 -0.7071
vn 0.7071 -0.7071 -0.0000
vn 0.7071 0.7071 -0.0000
vn 0.7071 -0.0000 0.7071
vn -0.0000 -0.7071 0.7071
vn -0.0000 0.7071 0.7071
vn -0.0000 -1.0000 -0.0000
vn -1.0000 -0.0000 -0.0000
vn -0.0000 -0.0000 1.0000
vn -0.0000 1.0000 -0.0000
vn -0.0000 -0.0000 -1.0000
vn 1.0000 -0.0000 -0.0000
vt 0.125476 0.727778
vt 0.125476 0.750000
vt 0.125000 0.727778
vt 0.598684 0.999524
vt 0.625000 0.999524
vt 0.598684 1.000000
vt 0.125476 0.522222
vt 0.125000 0.522222
vt 0.125476 0.500000
vt 0.625000 0.242910
vt 0.598684 0.250476
vt 0.598684 0.233333
vt 0.374524 0.727778
vt 0.394737 0.727778
vt 0.387920 0.750238
vt 0.625238 0.739127
vt 0.598684 0.750476
vt 0.598684 0.733333
vt 0.374524 0.522222
vt 0.387920 0.499762
vt 0.394737 0.522222
vt 0.625238 0.516548
vt 0.598684 0.522222
vt 0.598684 0.499643
vt 0.401316 0.000000
vt 0.598684 0.000000
vt 0.598684 0.022222
vt 0.401316 0.022222
vt 0.625000 0.022222
vt 0.401316 0.250476
vt 0.401316 0.227778
vt 0.401316 0.999524
vt 0.874524 0.522222
vt 0.874524 0.727778
s 0
usemtl Aged_dark_steel
f 985/1395/1067 986/1396/1067 987/1397/1067
f 988/1398/1068 989/1399/1068 990/1400/1068
f 991/1401/1069 992/1402/1069 993/1403/1069
f 994/1404/1070 995/1405/1070 996/1406/1070
f 997/1407/1071 998/1408/1071 999/1409/1071
f 1000/1410/1072 1001/1411/1072 1002/1412/1072
f 1003/1413/1073 1004/1414/1073 1005/1415/1073
f 1006/1416/1074 1007/1417/1074 1008/1418/1074
f 991/1401/1075 985/1395/1075 987/1397/1075 992/1402/1075
f 986/1419/1076 988/1420/1076 990/1421/1076 987/1422/1076
f 989/1423/1077 994/1404/1077 996/1406/1077 990/1421/1077
f 995/1405/1078 993/1424/1078 992/1425/1078 996/1406/1078
f 1003/1413/1079 991/1401/1079 993/1403/1079 1004/1414/1079
f 994/1404/1080 1006/1416/1080 1008/1418/1080 995/1405/1080
f 1007/1417/1081 1005/1415/1081 1004/1414/1081 1008/1418/1081
f 997/1407/1082 1003/1413/1082 1005/1415/1082 998/1408/1082
f 1006/1416/1083 1000/1410/1083 1002/1412/1083 1007/1417/1083
f 1001/1411/1084 999/1409/1084 998/1408/1084 1002/1412/1084
f 985/1395/1085 997/1407/1085 999/1409/1085 986/1396/1085
f 1000/1410/1086 989/1399/1086 988/1398/1086 1001/1411/1086
f 991/1401/1087 1003/1413/1087 997/1407/1087 985/1395/1087
f 987/1422/1088 990/1421/1088 996/1406/1088 992/1425/1088
f 999/1409/1089 1001/1411/1089 988/1398/1089 986/1426/1089
f 1006/1416/1090 994/1427/1090 989/1428/1090 1000/1410/1090
f 993/1424/1091 995/1405/1091 1008/1418/1091 1004/1414/1091
f 1005/1415/1092 1007/1417/1092 1002/1412/1092 998/1408/1092
